Plaintext,Salt,Minimum Hash Length,Generated Hash
1,aa,11,bJk2DAGjmgd
1,ab,11,lOoKN3PZ8nJ
1,ac,11,OJ1BbOgbVZz
1,ad,11,w8ldqmyq0MP
1,ae,11,gdnMbw4rAy7
1,af,11,QeAaBKjv7bq
1,ag,11,0YoBeKDrbX6
1,ah,11,RaQlMpgb7pm
1,ai,11,aOoAnrJnDEK
1,aj,11,7yWm60ZMpRq
1,ak,11,Q2akyegbVvL
1,al,11,OlkKE0Vzq0j
1,am,11,0xwdyGrbN35
1,an,11,lk2VdRe104N
1,ao,11,vOXGjdpj8WB
1,ap,11,7WGx8wrMmYj
1,aq,11,A6LkboKb1Yx
1,ar,11,0qvpxQG6nkR
1,as,11,Pq9gjnDpOkX
1,at,11,Dp4OLNK9wYZ
1,au,11,506PXpvamVW
1,av,11,dmWPJB1VQ21
1,aw,11,ljM7oAqoJKB
1,ax,11,4MexZ3dvpWN
1,ay,11,mL3QM5yMK4E
1,az,11,B4JQzqQzZqE
1,aA,11,PGX8nKVlrJy
1,aB,11,0LGMjd0jrN7
1,aC,11,g7vdqekZ5P0
1,aD,11,AjQnNogNbr0
1,aE,11,QnYqZlqpP62
1,aF,11,1MpmaExWb8V
1,aG,11,YgOolnE9rQK
1,aH,11,4k8XaN6aer3
1,aI,11,X9zYjpwygKG
1,aJ,11,oGW3RL3Oq4e
1,aK,11,5l2EWlNnD1o
1,aL,11,dvAkj0LjrMw
1,aM,11,EmKZleLG904
1,aN,11,noNOG0n5AXK
1,aO,11,xX4VpAqpo0L
1,aP,11,Nwrgn6AEoza
1,aQ,11,6d0vrA9ra5L
1,aR,11,4Rm8BZjBogA
1,aS,11,JYgabw3b7Qw
1,aT,11,2pdEy8LygNb
1,aU,11,YDJNew1yX0x
1,aV,11,DgR6q8v4wpK
1,aW,11,aNKqjyXdrBM
1,aX,11,d98ODBgGMlv
1,aY,11,j5bR6OPemrW
1,aZ,11,adJgBMABewW
1,a0,11,vJYQqNdGelD
1,a1,11,JKYWA8dAQ5p
1,a2,11,L6oa5b1zZbm
1,a3,11,DQGzAdzrOn3
1,a4,11,AmE10l1B54X
1,a5,11,lwy1powp39Z
1,a6,11,Y53WdD6r4Kk
1,a7,11,Pmkb08KeKDA
1,a8,11,LJVA8wZmbE4
1,a9,11,7EZ6bwvQND0
1,ba,11,Jk4YqRd3NR5
1,bb,11,aJQ0LMnW6yR
1,bc,11,a21V3RyGLMq
1,bd,11,EnG3Zw8BrRl
1,be,11,LxgQbqjAE0o
1,bf,11,38nDgLEjwMY
1,bg,11,kLdK736PqQw
1,bh,11,0vxojkPaMzN
1,bi,11,5ePMjZgRgEW
1,bj,11,mr1Ezamz3eY
1,bk,11,9wV2yEz6MQ0
1,bl,11,ZDXPlALpmbw
1,bm,11,01e8bn6bzja
1,bn,11,RVb5jgKjEve
1,bo,11,5Z9MEv86v0d
1,bp,11,49REX0ZgAq1
1,bq,11,DZnrg4MWvyP
1,br,11,qBg9kED52AR
1,bs,11,rq8vo9rbxXl
1,bt,11,kWm7GYvdbqM
1,bu,11,N9wVM4gQB17
1,bv,11,5DV8gyLanMB
1,bw,11,d05YBJeDRLl
1,bx,11,EyGrBg7BmpL
1,by,11,8V17waYwkNl
1,bz,11,9bNr2OK2vp5
1,bA,11,4g10wgpEdk2
1,bB,11,LW2ojnDq5mX
1,bC,11,RGQ2k2OxPYV
1,bD,11,wN0XOv6OaMl
1,bE,11,X3bljLPjexN
1,bF,11,BW2Lk9nYzyj
1,bG,11,mqyzraZAv2V
1,bH,11,JV0MXvD5l2m
1,bI,11,kjlr5KEM6Zd
1,bJ,11,LowXA1DK6Eg
1,bK,11,209DkYMkmxG
1,bL,11,jwMYLazgl2G
1,bM,11,ZyXY9yXgNbn
1,bN,11,o2angdnNM8V
1,bO,11,v9O5Zo9km1M
1,bP,11,EpZN9lbdVmv
1,bQ,11,Yeg6ZKGZ7DV
1,bR,11,Q1K4LwWLvM2
1,bS,11,ODE1WwqlPRN
1,bT,11,gP1Eyo14bDX
1,bU,11,320kNwxX4gJ
1,bV,11,yjkLbakgGvQ
1,bW,11,7g0onX3EyrV
1,bX,11,e3WqZz9wO6D
1,bY,11,d5xV9EzMP4D
1,bZ,11,oJYqdgNaMQg
1,b0,11,Dkae8Nb8NYz
1,b1,11,X13mx7mMYwy
1,b2,11,R1v5LgpXD38
1,b3,11,68ogQ3aGqzP
1,b4,11,j1NbaPeow3m
1,b5,11,12p4Q207JDg
1,b6,11,jepv0oXgJxP
1,b7,11,vpqzRxGkNDx
1,b8,11,gmk3ZyEZzQE
1,b9,11,w95VN6lPqJ3
1,ca,11,Pp5aewmLmdN
1,cb,11,nvm3rkOrp2w
1,cc,11,KLZNjK7jxp3
1,cd,11,yoMJzvW9Qgx
1,ce,11,KM8R4MobWxP
1,cf,11,NyJlQ51QpPr
1,cg,11,LWjxp4an6D2
1,ch,11,8MQRK9XgdeL
1,ci,11,VO5Nl7brPQq
1,cj,11,vNpa7KMzLyl
1,ck,11,WgJm0nxe2Yy
1,cl,11,zdPv5nEVmyj
1,cm,11,yDGZjnRjvr4
1,cn,11,vejQgKkgMyX
1,co,11,YlEdrDKbaDo
1,cp,11,r3OpkXpkEg1
1,cq,11,8Vx5nylQrKe
1,cr,11,5ovD7LYzjk9
1,cs,11,Xv5leG7eop3
1,ct,11,EngxV4LVXrJ
1,cu,11,P91xGm7bn6E
1,cv,11,NrqMg2ozOm6
1,cw,11,EwXgel7jJVD
1,cx,11,lgWyJ0Qk8oO
1,cy,11,x0dkQOxG5jY
1,cz,11,Pb5DL9n0ZWk
1,cA,11,3G7Xlmjpdaw
1,cB,11,ZK0GWNGkJlp
1,cC,11,lLMoApWey62
1,cD,11,JBmlR96V95y
1,cE,11,bNvWObYedzQ
1,cF,11,kaeEAJeQxPZ
1,cG,11,4KwkWeB1vJr
1,cH,11,4WBrM4KRQwb
1,cI,11,QwX3nZODlJL
1,cJ,11,y6nzPJXep0a
1,cK,11,Jo0DVr8jaAY
1,cL,11,b03Q5eLkAyq
1,cM,11,34pWlwADvoY
1,cN,11,APRW7pgrlE9
1,cO,11,1mW9jZ2jrkN
1,cP,11,1QvPxOpr2bE
1,cQ,11,db7GAwqj8Kw
1,cR,11,56QPL81Oweq
1,cS,11,ak8Dlz6l2gr
1,cT,11,ZrEJ89e8zxj
1,cU,11,NMAqeKMwRgG
1,cV,11,3qePApxAvlo
1,cW,11,jZ8obGRlNGz
1,cX,11,4JlRbVxzvWA
1,cY,11,MaPzErWV4JD
1,cZ,11,rOyqxm25n34
1,c0,11,l0mB3623vGQ
1,c1,11,QOMVGlQaRPb
1,c2,11,Pny490rpgj3
1,c3,11,m5RVbwmOA16
1,c4,11,O75rkLAabj0
1,c5,11,zJGqln5wE3n
1,c6,11,Rb20xqdvdYw
1,c7,11,kbJVj8ZAyov
1,c8,11,qAw7xr8vVJY
1,c9,11,YGxdARMwKLR
1,da,11,BVNlWY1W6p3
1,db,11,kpY3v6krbZn
1,dc,11,OagZrJ9ydb0
1,dd,11,a6ozk8XkGdm
1,de,11,aQbkEQb29BJ
1,df,11,dLzr9NYv1p5
1,dg,11,1yl6JelRGWY
1,dh,11,9DWl8gLZwOx
1,di,11,5rjv0J564An
1,dj,11,DqMoaL3dl7J
1,dk,11,8jQ4pYPyYJr
1,dl,11,njW7Q1gdNOL
1,dm,11,n1JvDVWQ47A
1,dn,11,NMkbZvMXyrx
1,do,11,r52KEn2EdV3
1,dp,11,14vZg619zdn
1,dq,11,E8Oo9G1W4np
1,dr,11,ypnlZBOdP7w
1,ds,11,N82q9Z1eLKO
1,dt,11,ElNDyoLa1V6
1,du,11,vV6jNAzGlKa
1,dv,11,AkjxnmlawRB
1,dw,11,YnZEORgpWq9
1,dx,11,ZR4zgyxexD2
1,dy,11,ka4e0BdgmOv
1,dz,11,wDPzxz3gBqv
1,dA,11,rPjBglmRXao
1,dB,11,70RxdOLy3Dk
1,dC,11,OYr9VKDJydR
1,dD,11,yZa95L94vMX
1,dE,11,0V9Kp7DlXYk
1,dF,11,ZEr20azLdGg
1,dG,11,wxXVjEXvMB2
1,dH,11,EagkxdoWjXO
1,dI,11,21WJB6qZ6L7
1,dJ,11,X3J1lgklPOr
1,dK,11,q9JWEmYEGNp
1,dL,11,7lXME37ENLv
1,dM,11,m3nqQ8AoW1y
1,dN,11,XPoqOxw85Gw
1,dO,11,K58me1W6wMr
1,dP,11,OEo5ga9gVpn
1,dQ,11,oKNYz1xvL6w
1,dR,11,mNlwyK8A81q
1,dS,11,mqep3Rlw5VY
1,dT,11,8Jqd4gw4Vgo
1,dU,11,mDjQOz701dB
1,dV,11,EAZJgolnaVX
1,dW,11,x43QZQ0WaLd
1,dX,11,4lYbdwAkvXz
1,dY,11,GgavmWJER98
1,dZ,11,4nQVdOV91zq
1,d0,11,4O72jlnaEyR
1,d1,11,kPqVr95rnlx
1,d2,11,6l2V9ZdzkWy
1,d3,11,0k8Rj9ej7OD
1,d4,11,dNwLg6LGDzM
1,d5,11,ZqRXoQbw7E2
1,d6,11,pYwg9ZLjVXn
1,d7,11,96MZROElbjL
1,d8,11,dKepgmKkxrZ
1,d9,11,nE8Ze8Xe6xk
1,ea,11,gnkJewrbxAL
1,eb,11,aZ6K9bwgvnX
1,ec,11,ynM8jpJDXZd
1,ed,11,jNE5n2xkrbo
1,ee,11,WdX8bG5r4xQ
1,ef,11,e3ky5nb50vn
1,eg,11,YMEAlnblq3G
1,eh,11,J1oeGJy0Wax
1,ei,11,xekXGl3bnBJ
1,ej,11,4EkyoYlQbJG
1,ek,11,k2BEpE2dvO9
1,el,11,QR7a4Ywy1J5
1,em,11,ko6EbnKyNwG
1,en,11,y08G3qE3vzk
1,eo,11,oZk690NjnRW
1,ep,11,Loa7Z61mBDr
1,eq,11,BKXAgb7rRVG
1,er,11,nQzANRarYMZ
1,es,11,ZrD5jK7jJy4
1,et,11,AKpDdrbd9Wz
1,eu,11,E1j0l2aeGym
1,ev,11,GPyqnRVnxjE
1,ew,11,DVlR4w34GLe
1,ex,11,5E3PkQN8yBJ
1,ey,11,1oQb2NQ9kDN
1,ez,11,2AqagkE9VGl
1,eA,11,wJWglKgl8Zm
1,eB,11,BA3zdLrYrWQ
1,eC,11,xPvqpwopojz
1,eD,11,lon0k93VYg9
1,eE,11,BWjRn5vAJEp
1,eF,11,vPw0Mxm5jdD
1,eG,11,wnkXbgWbpQd
1,eH,11,6PVyO48OxdN
1,eI,11,PD25OpqnB34
1,eJ,11,18W4RLY0EX6
1,eK,11,wdN4GXBAEjv
1,eL,11,PXVpzlbm73R
1,eM,11,jPA4Z92rg8V
1,eN,11,E7a6rqMrmyd
1,eO,11,bLdoAL0AzvK
1,eP,11,JG4Ppq3xoW6
1,eQ,11,EDOybOljX34
1,eR,11,eBJQy82Wd64
1,eS,11,OoEpwKjrA35
1,eT,11,kGXV4X84zWD
1,eU,11,59YM6exg21e
1,eV,11,4VvKApKZ30w
1,eW,11,JAmM5lnk76q
1,eX,11,yLKa0Pg639n
1,eY,11,4Vmxp4lpoPM
1,eZ,11,5VY9n3onale
1,e0,11,0Y4RXDgApGN
1,e1,11,RaOy6krpwPQ
1,e2,11,dlXvMxEkarL
1,e3,11,WmBLlkOl8gy
1,e4,11,E1NoqVNq7eX
1,e5,11,9vqawbPGXAW
1,e6,11,3wrdM08ME1l
1,e7,11,Z72NyeKj0Lg
1,e8,11,LAMKdZ0Gp71
1,e9,11,MPXayVGAow8
1,fa,11,YQWzZe7pr32
1,fb,11,mzgralJVyPw
1,fc,11,jlNoLmbWAgZ
1,fd,11,LKoqe9Kvw4P
1,fe,11,84WojvD3m7Z
1,ff,11,bn09dOlpKMO
1,fg,11,rEG4bRyeRXO
1,fh,11,adLrgaQgxWy
1,fi,11,bQBqROlLx6X
1,fj,11,DZ7wBdVbonq
1,fk,11,M8ZAb9ZgxOw
1,fl,11,aLADe01mo67
1,fm,11,AjmdMDgq48R
1,fn,11,83Lx0y4anvm
1,fo,11,9byBQ69kKM5
1,fp,11,rV0lkeXaRGo
1,fq,11,YRPl7romp3j
1,fr,11,QkejgpzKAmy
1,fs,11,389mMo3Mvq4
1,ft,11,novlg5MgjJL
1,fu,11,P5dDl9MlQen
1,fv,11,50POzKGzGEB
1,fw,11,xXbyEygJgwR
1,fx,11,KQjPzNJzL7y
1,fy,11,zqRLAZaeJGE
1,fz,11,Vlopgkzd2Kn
1,fA,11,Qr612raR3q5
1,fB,11,6PYVk5baN2j
1,fC,11,kW63z6W7GA8
1,fD,11,NWg01g0E9Qv
1,fE,11,gdNoMyqMl8K
1,fF,11,8aVqdw0QrnL
1,fG,11,pld5b9orWYG
1,fH,11,NnwGjLzoz8V
1,fI,11,VLMw4w1ezAG
1,fJ,11,X2Vazla9BL6
1,fK,11,4XPwVl6Qe9K
1,fL,11,rJMq4d6oDvk
1,fM,11,LyZKOKxEA72
1,fN,11,vXVwdgYo9Ay
1,fO,11,PVoGpWJbz4R
1,fP,11,6VpBalYvnP0
1,fQ,11,zd60W0xWV5a
1,fR,11,bm7x1m51ZeD
1,fS,11,4mJPL0bln6a
1,fT,11,KLvwp8G374E
1,fU,11,ZK1PqwOqD7d
1,fV,11,JBAQLmkgKZ8
1,fW,11,XzA1jDeqJ7y
1,fX,11,AOpB1wvkqVQ
1,fY,11,WQX1LW1pNJP
1,fZ,11,POgAdw0BwKj
1,f0,11,ewmOdK7dX40
1,f1,11,vwad5Z3J6lj
1,f2,11,gjNQD6rD40P
1,f3,11,Zg93mBKGB8k
1,f4,11,BmpZvemvXJk
1,f5,11,WBzwoBe5mNa
1,f6,11,XKbydorv760
1,f7,11,69y4Wop2Ekl
1,f8,11,X9EzkoyKWNw
1,f9,11,4EpoGlrMKVm
1,ga,11,APwnDnd4MqQ
1,gb,11,K9nMW2PQNdA
1,gc,11,qPVLvn3b51O
1,gd,11,23BNMn2MLrp
1,ge,11,q8OeboaG46g
1,gf,11,Lk6RPxgnW3l
1,gg,11,g5kMrk7rpyv
1,gh,11,B6KJGvXgAqv
1,gi,11,ydgEr7grkMN
1,gj,11,vn5MwJy1PQ3
1,gk,11,axBmnbGjJwR
1,gl,11,kP7w0w30BeE
1,gm,11,8Oo09yOjvz6
1,gn,11,M28B6WpLVZv
1,go,11,7ZmAdpXdvqD
1,gp,11,738KE70qDj1
1,gq,11,vArYKnYMjXk
1,gr,11,z6bqjAGLa12
1,gs,11,D0LrpMJ8n92
1,gt,11,marEKyEK2Q4
1,gu,11,Ayg24KDqm3o
1,gv,11,edEVowx9GpQ
1,gw,11,2MOxgeobnNo
1,gx,11,3P8qZRBZo9N
1,gy,11,xkXKjazbOqD
1,gz,11,woDOZ4bA742
1,gA,11,aQ0ZbKa2yEo
1,gB,11,AqKOjvnjr6D
1,gC,11,bBmkjnd14gd
1,gD,11,j5drANZAXVz
1,gE,11,O630jy5je4G
1,gF,11,5MK4xR1aozk
1,gG,11,zvaKnv5lg1d
1,gH,11,Kb9WdpNae80
1,gI,11,5zkAekWeYwM
1,gJ,11,7wDvdNWxg5z
1,gK,11,qaQAyMvjl6o
1,gL,11,ApNORMZwX3g
1,gM,11,PBNlXbyAYqk
1,gN,11,kLBqjdRXgNJ
1,gO,11,G2VmwlJng9a
1,gP,11,ZwndxgbN6XD
1,gQ,11,8G74pM3lYaO
1,gR,11,AJg5KO461rG
1,gS,11,g1O4pwqovZ0
1,gT,11,lOzZ2wG2dQL
1,gU,11,b1N2eO26X0m
1,gV,11,gz8YWPYDnVr
1,gW,11,axkdwbVwoKJ
1,gX,11,3krdMLDMBpv
1,gY,11,myRGbGLj3oV
1,gZ,11,72xV1onO4Dg
1,g0,11,64G89Og9Jnk
1,g1,11,4WeraQvb3Vk
1,g2,11,bvD1J9aJdoZ
1,g3,11,ampZAn3byVE
1,g4,11,k7QVqoRDrLj
1,g5,11,2Z3WKn2KYq4
1,g6,11,ekZg7ZXGVld
1,g7,11,7ZNdVyBbDkM
1,g8,11,ejAdbkj4yLx
1,g9,11,B1JoarVaO8Z
1,ha,11,3nAMJro27kW
1,hb,11,Ypz0baNroJ4
1,hc,11,wvJymvLQLN2
1,hd,11,xqrAk79E1RL
1,he,11,vLMB76n7NDw
1,hf,11,AqxMmgE4DLz
1,hg,11,9O5qPRLkEg8
1,hh,11,KazYAmQAebO
1,hi,11,3k2xvGZ4Q9l
1,hj,11,J8jrdwlZV1v
1,hk,11,Na0vzoYbdwV
1,hl,11,LlveXL0XyQw
1,hm,11,9pz4kZ56aYo
1,hn,11,5kRJjVMz8NB
1,ho,11,X2D7324ZPvB
1,hp,11,Wj6wapRonP7
1,hq,11,86ZDvVlgl5d
1,hr,11,YNpmdwOdveo
1,hs,11,Mq2Rn3PzWO1
1,ht,11,LvoVa0bp0Jk
1,hu,11,VDGBe0GQdxa
1,hv,11,AWRjEm7qBwV
1,hw,11,xMLwWb0yV9X
1,hx,11,G0q6edkoj83
1,hy,11,alp38A98jvw
1,hz,11,RrNLWgR4j1Z
1,hA,11,0JbyOw0Qj5r
1,hB,11,O0XvdoPLl2A
1,hC,11,ALXqGw25BPa
1,hD,11,7WLjJ8QvYlQ
1,hE,11,LWRgjyKA8kJ
1,hF,11,d1JOadOm6nD
1,hG,11,GE0lzJ1bmNj
1,hH,11,KGpQ1pOvlRb
1,hI,11,AK9WGaLgRX2
1,hJ,11,VOjeEbjEA3v
1,hK,11,129aL0Mkv6n
1,hL,11,xnq41Lp1r2J
1,hM,11,KeXW8gpLb0G
1,hN,11,zqA9p6odVDY
1,hO,11,64m9e5pxAXl
1,hP,11,POzxqZnq8dn
1,hQ,11,bWR9owEOBpZ
1,hR,11,wB7EPQZnW9N
1,hS,11,1ok7Kp3WXEn
1,hT,11,jq1X0oj5DRL
1,hU,11,pL0xD0o2A8g
1,hV,11,xwAKDv6DZQb
1,hW,11,EG61pGrWzKA
1,hX,11,vDAWeaGwd3y
1,hY,11,MOL5GQEGBqp
1,hZ,11,WRnPxd1z5De
1,h0,11,56lXWrKdPv9
1,h1,11,7Kv3MnVMABN
1,h2,11,N2o0bQVp3wB
1,h3,11,LyAk1vljv0w
1,h4,11,rj1AknGpLNo
1,h5,11,Y3XEbAL2O5w
1,h6,11,bXyrv1japmz
1,h7,11,WlqNMWNzyVx
1,h8,11,GBO9vobdR1q
1,h9,11,AVdKe4de8rX
1,ia,11,GqO4aAXrb1N
1,ib,11,oOqQ4p905mB
1,ic,11,ZnAYeAKbygE
1,id,11,qwYKlaLOzGR
1,ie,11,y5XdQKXeODm
1,if,11,Y1opjdZNREv
1,ig,11,0xY3nevbwd4
1,ih,11,bG2ylw2dOQv
1,ii,11,4RO1nlDnywo
1,ij,11,LN5rROZ8QKg
1,ik,11,DwNzGvEnXqK
1,il,11,k9JOLwgLmBA
1,im,11,W8belwJn4No
1,in,11,o3epGZrGq1g
1,io,11,QBagdlroyEZ
1,ip,11,rl7knomNBGX
1,iq,11,6EKMlA4pV2D
1,ir,11,5E3kYw2avL6
1,is,11,WEjD41m4Jb8
1,it,11,z25wXWwXoOl
1,iu,11,Q1yZmlJDgrn
1,iv,11,VPDxG1yGzN6
1,iw,11,q7wZ6gBnlzv
1,ix,11,zVKevyavjQG
1,iy,11,2rb08wD6JLo
1,iz,11,j8lyWJMop14
1,iA,11,6N5Bp0Kb9zq
1,iB,11,vdD8Zqp0Nen
1,iC,11,lkO8MZvM0xr
1,iD,11,bGoj79Q7YEy
1,iE,11,PWmMALEeZgw
1,iF,11,LZeV4nQJQb1
1,iG,11,kP4njw5rDqW
1,iH,11,o9Zmb7RVgvO
1,iI,11,DpA4Ge7j0QZ
1,iJ,11,r3bym0j2OJE
1,iK,11,g1vqWvZWYbB
1,iL,11,N9y0MlOnj67
1,iM,11,eqz5grGbBEm
1,iN,11,4DneNmXdWr2
1,iO,11,B435GwvbK8J
1,iP,11,qo45Ry8OyQ7
1,iQ,11,M49dnb6n17K
1,iR,11,MjPVAovg1DL
1,iS,11,jY84lKxGPop
1,iT,11,O102Kop9gLP
1,iU,11,mWOQnpkeDLZ
1,iV,11,NBwbMBQovKq
1,iW,11,1E3djdapg4K
1,iX,11,o7VnWxdW18v
1,iY,11,nOg2bgGbW1D
1,iZ,11,ln9bWnbWG0x
1,i0,11,G5Aa6n7V7Rn
1,i1,11,wBP9Gn6G2xD
1,i2,11,OEkGyrRyXl9
1,i3,11,LdXZlKNnDQj
1,i4,11,rDyRQoj6pA4
1,i5,11,YnkLjpeAazv
1,i6,11,YP3bR2L9A7O
1,i7,11,xankGq8Z0mO
1,i8,11,G31VAR4gmjz
1,i9,11,9KzZnAynxmB
1,ja,11,Mr1mW9KA8bx
1,jb,11,R6DwalPaEM2
1,jc,11,RwYXnd62ZLN
1,jd,11,eLYmdKRwv78
1,je,11,r081NgPlMpe
1,jf,11,Arp1oBXY64O
1,jg,11,L1pwGzlayJj
1,jh,11,B8mvkOvWGd4
1,ji,11,4X7Vx8LxBRP
1,jj,11,0djEQBYkMgO
1,jk,11,9N41EG9WYA3
1,jl,11,DpKPa2ZaA5m
1,jm,11,gDy8x7V23d1
1,jn,11,6lQPMArdXjN
1,jo,11,bk3eWmnyO6P
1,jp,11,leE5gzJg9Dx
1,jq,11,aX75EKjxopj
1,jr,11,M1yngd9BA7N
1,js,11,0lAVkew9OYD
1,jt,11,vk4NalQPzMK
1,ju,11,2poDz8M71el
1,jv,11,n163kVPZAdx
1,jw,11,V1MXrYw0Nqn
1,jx,11,V0e9gywdE28
1,jy,11,rkxm4O09XeZ
1,jz,11,ylqBbaJ9Jo7
1,jA,11,Wr7aO9G2yo1
1,jB,11,kNOJD8baGYw
1,jC,11,r8x9N0pNzvP
1,jD,11,GRPykKP9baL
1,jE,11,Y512WpXWReZ
1,jF,11,5eLOgqw4kMq
1,jG,11,5bVe7QX8wza
1,jH,11,9YPKGw5gvkW
1,jI,11,YPz95Xo4MRO
1,jJ,11,g0NGLAZxje7
1,jK,11,DMOlmZ3g3nR
1,jL,11,01OrkN9eGxv
1,jM,11,PLYklq9lzW8
1,jN,11,eyrXPxodN9p
1,jO,11,vYpEA6yK8ek
1,jP,11,myv5pWOpE8N
1,jQ,11,MamBY3j14D0
1,jR,11,RXjena45rx7
1,jS,11,01aVKbRKExO
1,jT,11,dYBQavbaL5n
1,jU,11,yYENVLXVmpv
1,jV,11,Z38BogrdPq1
1,jW,11,pPMLOyBAz36
1,jX,11,zk2Vv0wMPdl
1,jY,11,EN5PpDdpdno
1,jZ,11,nZ24kQykAWE
1,j0,11,GVW5vGgvZAP
1,j1,11,ro9MzxPzKEq
1,j2,11,NjRPOE8l6K3
1,j3,11,E6kJl57qQRr
1,j4,11,oG8Lg2NgBRq
1,j5,11,gO48Zb93q5o
1,j6,11,nEX45dyk2w1
1,j7,11,lyzLkeLRKQ7
1,j8,11,7GlAaPjrQ9K
1,j9,11,g3bkeljqvaN
1,ka,11,3ZXonl979zA
1,kb,11,lNGwZYryQMe
1,kc,11,Nv57QDMeVm1
1,kd,11,omEWkPQ3O2Z
1,ke,11,QdvnbwjGOkP
1,kf,11,NDdKkGzB6Pm
1,kg,11,PEbV0lBnmMx
1,kh,11,l6m5RkP1Nke
1,ki,11,6ZLz3bPVYpB
1,kj,11,yo4xq0yQREK
1,kk,11,opAPDeYDL1y
1,kl,11,BWMrEvayKoa
1,km,11,aXbByGOy7Qe
1,kn,11,r2aZ8VpWMby
1,ko,11,E7aXQp0Q9d8
1,kp,11,597RyeDkJr0
1,kq,11,A7zvXo5yJR1
1,kr,11,aN8DrGvjb2R
1,ks,11,Og1QGwQp365
1,kt,11,Q38zKMrlPxN
1,ku,11,wmMvbw7bjAa
1,kv,11,0ybVrKmaB41
1,kw,11,YJMd42eoNB1
1,kx,11,OD0A6ql1ePR
1,ky,11,0aOQxpYwPrX
1,kz,11,7K1EOR19LGA
1,kA,11,kPqWrGkrQJ5
1,kB,11,D2opmODNx86
1,kC,11,eYWZ9QRDLoB
1,kD,11,x0WNZl4ZMYo
1,kE,11,1QlZ6y3ba5m
1,kF,11,qeWdBJKEpvx
1,kG,11,o0WYlwWlegQ
1,kH,11,xAO0R7EGBy8
1,kI,11,AMnvbVyD4K8
1,kJ,11,6Np9okxeRZY
1,kK,11,3QxZrbkjRq6
1,kL,11,jKBwqkDO7RW
1,kM,11,ZD9Gwe9wyAq
1,kN,11,kNMErkxX78l
1,kO,11,yk14ADzbWmM
1,kP,11,MeEWyxelK6X
1,kQ,11,WXqReyLGD72
1,kR,11,7NnRPxdPOoA
1,kS,11,GNQDEnZEML4
1,kT,11,zgJEqDEQmea
1,kU,11,mz3VeGRjXPR
1,kV,11,mQKOjzx5L90
1,kW,11,g0Nvlnzl9Ya
1,kX,11,Z2ezqxwQwlY
1,kY,11,jM1Qyq4e0nE
1,kZ,11,pmo5X4Kx9eg
1,k0,11,jkab6yKprDQ
1,k1,11,kX8lnZ6np7a
1,k2,11,z6pjkY1kdLy
1,k3,11,3J8yAK0ZP92
1,k4,11,vBxdaeW3eg7
1,k5,11,yn2JOoVlAwX
1,k6,11,ApnPjN5mk6V
1,k7,11,BPKDywQ51GZ
1,k8,11,RdWDxR3b6qv
1,k9,11,m2BgkDGQjoA
1,la,11,L9mv6XG8Bxw
1,lb,11,B8W4QwebKG9
1,lc,11,7NqJE90jAwG
1,ld,11,Dq4pdwbklR0
1,le,11,Zd30DMmDpjQ
1,lf,11,NbVwv9qvza5
1,lg,11,0xnLDKNb2E8
1,lh,11,z41JO5kql5L
1,li,11,2KWnLZWy8A4
1,lj,11,epwmga4rxVD
1,lk,11,Mw2gQMBR8vy
1,ll,11,blaNmWBXx9w
1,lm,11,4YNOlMmlawx
1,ln,11,rwJ1VZAy06x
1,lo,11,X9xw3YWlYeM
1,lp,11,KYQrzmGdX7L
1,lq,11,wnND4VqWMQ9
1,lr,11,K7k4E5yEbOM
1,ls,11,OjRAo1zX2WZ
1,lt,11,DNoe7aNpZGL
1,lu,11,lA3XBw82jWx
1,lv,11,Oz89a81mwBl
1,lw,11,4YOgBV2Bmdn
1,lx,11,LOx6vgNayRk
1,ly,11,Zg7vLamLV5R
1,lz,11,Px6b8K782RV
1,lA,11,gwNYE0Gr1ex
1,lB,11,axZbkYWz6m8
1,lC,11,azZKnwj6MRQ
1,lD,11,J5Zng9k4mNV
1,lE,11,ArMgDJ3ZY2w
1,lF,11,nQvjdwKdEp4
1,lG,11,Oarm7O37D5R
1,lH,11,O2MqoLWv8PQ
1,lI,11,ZlX3rdXrOkG
1,lJ,11,y4XJalv0Rj2
1,lK,11,b6ylvXk9VYo
1,lL,11,3xbeXa8kY4r
1,lM,11,dG4PkOGkewl
1,lN,11,z5OvgLDgkG7
1,lO,11,Q6pXRornOV0
1,lP,11,KvEOBg9jN4G
1,lQ,11,VAao5JylDXE
1,lR,11,9q60VvKdW34
1,lS,11,3Vp9ln8Q760
1,lT,11,ZKjygEG0Abp
1,lU,11,QAGVbZGLxrD
1,lV,11,jw7rEKdzgPK
1,lW,11,bWLPOQzBdeX
1,lX,11,9eAkad1odg6
1,lY,11,6VgNRvVRn8A
1,lZ,11,Rda94G9knBV
1,l0,11,DbqAEdLEV0v
1,l1,11,mzB7RPBA2rn
1,l2,11,PxWk49rQ6DV
1,l3,11,DGJP9OlRyrg
1,l4,11,5KbAgvKd1aD
1,l5,11,4BMZp5jv061
1,l6,11,nK9wdoDg4Ga
1,l7,11,YyR03WPaL9m
1,l8,11,dx8PkGdzgKO
1,l9,11,RareqBnqMbm
1,ma,11,RWBOewWez2M
1,mb,11,P1pWxDj6kw7
1,mc,11,nmONwbWje2K
1,md,11,Wdj6z1mzOXN
1,me,11,OqxVQK8nMk7
1,mf,11,lPkbjGyK1MR
1,mg,11,JM0vOpLO6wp
1,mh,11,gnLlobNo9EP
1,mi,11,LG9EOreA4yQ
1,mj,11,BOb852M9RNM
1,mk,11,eNJ34mLpA5v
1,ml,11,aD4B3RdNRX0
1,mm,11,lrbZywJGYkm
1,mn,11,A2Xo8E58E0b
1,mo,11,DMeJlMObQVv
1,mp,11,9gr3LnjLqBM
1,mq,11,vEXkZDewBb5
1,mr,11,aMQJXqrKl3V
1,ms,11,OYo7JQmJQEL
1,mt,11,0jopg0KDW8N
1,mu,11,n2EXwQ9w5gq
1,mv,11,XlqQk48kwjE
1,mw,11,oMG6AKEl8B5
1,mx,11,P1GemL7RV34
1,my,11,VxGkNedge7w
1,mz,11,K7pz51PeQRW
1,mA,11,4jLJbKEpBw0
1,mB,11,RxdrW2nW1oK
1,mC,11,KvLzbrLke2E
1,mD,11,9L2X1DgJgqm
1,mE,11,L0qZWpRn8zQ
1,mF,11,aN8MwvqEPOR
1,mG,11,PwQZjlRKraq
1,mH,11,5jE4m94qWzB
1,mI,11,1zyOeOVA0rK
1,mJ,11,LWlQorpJ3X4
1,mK,11,7oPyAGJlxe8
1,mL,11,K1OVgKmY9ly
1,mM,11,qXmR6OLe45d
1,mN,11,ea3EBpQRbvp
1,mO,11,jMA0OnBOXR2
1,mP,11,vg89JnD75Lk
1,mQ,11,zdnkjAmj4e2
1,mR,11,jNJYznvzPwy
1,mS,11,4YZJmE3bDwr
1,mT,11,GOAwn5Anj9y
1,mU,11,wqOMbzAXG3r
1,mV,11,gaErX0JxjDM
1,mW,11,ZDJaXpOlyAx
1,mX,11,6DWAGLAvnz4
1,mY,11,7ynmQbJQ19R
1,mZ,11,WQKykoqN5YB
1,m0,11,LYdaz8PzKOM
1,m1,11,4lNoewDZw9a
1,m2,11,2QE3jZBjVZW
1,m3,11,q5NA4w346ZL
1,m4,11,Mne8BrLk4PL
1,m5,11,9roZwyDev6p
1,m6,11,yrV9arO0Pnv
1,m7,11,Ovk2wD5yMp0
1,m8,11,5a0XQ7D8elx
1,m9,11,DLPVOK1lY61
1,na,11,XdQWzBowNDo
1,nb,11,bELeBk3BxZw
1,nc,11,l2pEGLxGRLN
1,nd,11,m7OKQaeQ9ZP
1,ne,11,0adKBopgQzO
1,nf,11,aAOZnrbn0r3
1,ng,11,8LdqDLAPW1m
1,nh,11,ZBo6lgVqVne
1,ni,11,BgEM0wQ7R8d
1,nj,11,KW6vdo950oe
1,nk,11,AO0WgVZgx7K
1,nl,11,2gByxZdLKak
1,nm,11,AQKkyYbE48O
1,nn,11,7QEKdzEo49W
1,no,11,W67xv9Nnlkw
1,np,11,BKNoadzgyp9
1,nq,11,1zQaE9NWq3Y
1,nr,11,oDnpdg0Lg6m
1,ns,11,AmbawzNwdrK
1,nt,11,Zxy9alXawLV
1,nu,11,92OB4NkEl0D
1,nv,11,Wl2ZgE9g8e0
1,nw,11,MnOmJwNljkP
1,nx,11,2no3dW9DBVg
1,ny,11,3EdV7nb7WMD
1,nz,11,xMglaxJjo96
1,nA,11,MdgRrqR2vGV
1,nB,11,KQX9qwgqpN5
1,nC,11,E5ZV28l2NWR
1,nD,11,b3Kn5kG5wdR
1,nE,11,Ok7BlMjK6nP
1,nF,11,7oYDdKkdJPe
1,nG,11,akBjJozlRqV
1,nH,11,yBZzjOGjDNd
1,nI,11,5670nweq4Az
1,nJ,11,wADmygvdl1M
1,nK,11,Djzq0MVKbMm
1,nL,11,ldkqQEwKEX9
1,nM,11,9dLEAZmop82
1,nN,11,nZGLan4mPJp
1,nO,11,YgmkA4PA7OR
1,nP,11,vNRjQagk0KW
1,nQ,11,zMV0GyZQaN4
1,nR,11,501qgqRojAB
1,nS,11,Z2ErOWYoAQb
1,nT,11,87Yz1YWybgP
1,nU,11,DmveEyMEPzg
1,nV,11,L1YNn6p0pdE
1,nW,11,daEwBywxYKl
1,nX,11,VL4NQe6xJDo
1,nY,11,D1wEBAJ9ZnV
1,nZ,11,eBAYg8MqDGN
1,n0,11,B7KqdwmgYoz
1,n1,11,lvj1VwEeBaz
1,n2,11,eNE7oaBVraL
1,n3,11,zd5DJWvmegP
1,n4,11,PBql4vr4KWM
1,n5,11,VDem8BgnWK2
1,n6,11,X5m3NyGdgQv
1,n7,11,e1VLQ46Orwa
1,n8,11,9XvlGq3k3Px
1,n9,11,QdwVpd6DYLk
1,oa,11,wpL8rnzrdla
1,ob,11,gK20JblGmPq
1,oc,11,d4RneEGbklm
1,od,11,2d4O8QZ3A6L
1,oe,11,evnol8Xl1r8
1,of,11,e2b9BVrBJY3
1,og,11,YOr7nA1nvyN
1,oh,11,zjoG4Qpg69Z
1,oi,11,8MlnbwMjeBk
1,oj,11,1RZv73Xk3nD
1,ok,11,OgB7QvLeA1d
1,ol,11,WDq4p1Pd3oE
1,om,11,a1e8g0Zn9QJ
1,on,11,rxkg0x3ZdKP
1,oo,11,m82Ew5nGJzZ
1,op,11,9zwx0MRyL4Y
1,oq,11,BO4zXbklRDr
1,or,11,kM13BdeDxvY
1,os,11,V3LDbnZbB9Z
1,ot,11,KA2zJgPxXev
1,ou,11,6j4AKnepLgR
1,ov,11,98eVgnDk4q5
1,ow,11,RD1VjnxA6mp
1,ox,11,m6nlk587joQ
1,oy,11,07oajlZVOLl
1,oz,11,ewArqEQqZx9
1,oA,11,2l6OArPjB31
1,oB,11,8vXPBkQmNDZ
1,oC,11,YOV3Qw40qeZ
1,oD,11,DmnVrZQREkX
1,oE,11,DJ9QbK6XW2V
1,oF,11,gjLeR1ERkQJ
1,oG,11,2bwarOwr7pP
1,oH,11,ZeYzdxkRr8x
1,oI,11,EkXpAr1vNQb
1,oJ,11,0AYOzmgGj4m
1,oK,11,p7EWOnrOywX
1,oL,11,pm4WDArxvRl
1,oM,11,2jnre4Kb4ZD
1,oN,11,pr8d7DKNZ96
1,oO,11,aGdKeG1n4EZ
1,oP,11,Q0oG4Kj6DOb
1,oQ,11,eEzLbk6VXx3
1,oR,11,OLAjrX1qg9P
1,oS,11,DWpRnbaXVvE
1,oT,11,pYoWv56PQgj
1,oU,11,Z58VlKApNog
1,oV,11,rO4wDA8Envo
1,oW,11,kR1mnzwboKW
1,oX,11,j4E3APZmJYq
1,oY,11,kzvMe8LeAmy
1,oZ,11,pOxr5Aq5bRD
1,o0,11,3NwLBAJqrYd
1,o1,11,l6GKZw8Oqgx
1,o2,11,XLoqrxGg56W
1,o3,11,w6RxAw94mJZ
1,o4,11,JD8rEqaEGN7
1,o5,11,xVZaGKVgpbo
1,o6,11,g50w8rw17Gq
1,o7,11,YPBJgekOy5z
1,o8,11,0BepbgpQL5a
1,o9,11,aKGekDGpNyd
1,pa,11,yBowq1Gx5me
1,pb,11,O6wR4gRBkLr
1,pc,11,106PpmBKjZL
1,pd,11,k1Y9WXPWbOx
1,pe,11,9GKBLmRDgdn
1,pf,11,B2qkomMo64r
1,pg,11,2OAz7GZ1wyl
1,ph,11,Q3A8dNvdjo2
1,pi,11,K0lx7N67gqL
1,pj,11,nG8eadQDJqg
1,pk,11,LkZeMxybrGX
1,pl,11,qOApmE0o9eG
1,pm,11,pMQrwp8w7eB
1,pn,11,1358oywgdep
1,po,11,W26G9XQDkyN
1,pp,11,pPndELKWq4N
1,pq,11,7NEmzD1b42Q
1,pr,11,mkwaDzNDo6O
1,ps,11,Px48NZ57kOZ
1,pt,11,y7X5Jo5gzdY
1,pu,11,rmNPVRXOnQK
1,pv,11,ymQgJo64LXo
1,pw,11,24vMZlqBX3w
1,px,11,n68x9lBWl71
1,py,11,No7VPR3zaYA
1,pz,11,Zb9VlkZdzD7
1,pA,11,wJL7l1BQYRd
1,pB,11,grKPpd4pxYA
1,pC,11,rnzy3DjbX98
1,pD,11,Jo2Yz61ENPB
1,pE,11,dQ14zJWmB0p
1,pF,11,rwJlqolmWVn
1,pG,11,XvdwrogrqG5
1,pH,11,yKD5doAgJZw
1,pI,11,G5pVLyEL0Or
1,pJ,11,9k2nbaKga0r
1,pK,11,Yz5DP39jVKl
1,pL,11,ZnVdvPRgzx0
1,pM,11,D8Pkrk9yAn3
1,pN,11,Q7Vl6g4yjAp
1,pO,11,BAg3921evzY
1,pP,11,Nnb0lmO1rWz
1,pQ,11,aL9ZOpArqjx
1,pR,11,pbzG92J96v2
1,pS,11,jrkd7xjoNxK
1,pT,11,39WoPM2mzDd
1,pU,11,5YaGDwNok12
1,pV,11,L1YAQB8aGR6
1,pW,11,RkdYjLolrZA
1,pX,11,LZAKPwvk0xw
1,pY,11,KAlbLq9LBJp
1,pZ,11,OenDa6E1oLy
1,p0,11,Y9KbvgnazPq
1,p1,11,Zv6wVrJV9lg
1,p2,11,3620W8MzMnZ
1,p3,11,X0VemNW3vMW
1,p4,11,MDpKdKAkNQn
1,p5,11,2Eqe68Rmgy8
1,p6,11,8OzlkynjpXe
1,p7,11,On0ZkZVkQPb
1,p8,11,10XQg5bo3Bj
1,p9,11,jzYm3XAlAK8
1,qa,11,Epo3G8bjPmx
1,qb,11,ZLqwpJ5PlJo
1,qc,11,gjMa4wQpNOJ
1,qd,11,qlj82wjGLxM
1,qe,11,N3LAg6zg75E
1,qf,11,6gJo9qZnWeA
1,qg,11,6ZaKg58jY0J
1,qh,11,1WzvVP275AN
1,qi,11,n5bRlGklx8m
1,qj,11,0QK7Oxyqd8L
1,qk,11,RNmqOrxea5J
1,ql,11,mEOJZOgZpvG
1,qm,11,V3DzayVb6eG
1,qn,11,Qm3l4Aa4xGM
1,qo,11,06ePQEdlWZv
1,qp,11,Dj9wklpkmWB
1,qq,11,YPRjboKbmvk
1,qr,11,gL3kRnqPbKX
1,qs,11,49OyeoVbP7j
1,qt,11,vokB9E3LXOn
1,qu,11,26lXabgOMqP
1,qv,11,17L8gJ4Z5rd
1,qw,11,GoywlKYvmMX
1,qx,11,MO3AdL4dYP4
1,qy,11,046aeKbnY2q
1,qz,11,O1Ey5JQ09Xq
1,qA,11,7V3yjN4enZB
1,qB,11,4AXxvPKYmnO
1,qC,11,6wzgjnd0qG2
1,qD,11,8dqzg0vxRy0
1,qE,11,nxZorMGba7B
1,qF,11,XYRgkX59ZEn
1,qG,11,kgaOePwbZmz
1,qH,11,M2nBEY6adNp
1,qI,11,0B1AeKWeW39
1,qJ,11,k8Jmx9DM7p2
1,qK,11,Nm0KbkRjMZ5
1,qL,11,mr6W7zWEbNZ
1,qM,11,QjB1elnA83g
1,qN,11,Nv8Dj4BR93p
1,qO,11,mxgeneDV7kl
1,qP,11,k0J3Zp0ZVRG
1,qQ,11,K1OzeQ0ndLy
1,qR,11,KwMx6waEbpy
1,qS,11,dEGqbKObLa1
1,qT,11,2L0Dq3mE4gB
1,qU,11,QWLOnr9Dg3R
1,qV,11,v2WZgOPA3EV
1,qW,11,KxEalOxvYbL
1,qX,11,jld6A9MAkWE
1,qY,11,Vv3Z4QXDOEd
1,qZ,11,lkPXeM8LEwK
1,q0,11,XqRVDJg06Ww
1,q1,11,xbGVB42p3OK
1,q2,11,eYgzZgr0BK4
1,q3,11,kK6pbwpdy47
1,q4,11,pMgb6o363an
1,q5,11,mBayeDWbEOj
1,q6,11,vEMVj9ZWlm1
1,q7,11,rzd76wmGyNZ
1,q8,11,LkBxykEWEp6
1,q9,11,JzaN6bJ64Vj
1,ra,11,wPxAMwJ7qrn
1,rb,11,djqlbaj81R2
1,rc,11,Rax3vL9jr1y
1,rd,11,GRWvLd903dY
1,re,11,lEM1vop7mxV
1,rf,11,7OjVpK5kdDL
1,rg,11,6a7wGayGp9y
1,rh,11,NJmzdBKkOW9
1,ri,11,K1YNmY7OBRe
1,rj,11,3Ap71qZPm5o
1,rk,11,jy2aWNy5w9x
1,rl,11,qKjeg9qgpM2
1,rm,11,9mjezQKB1LP
1,rn,11,xEAdKEyKZw0
1,ro,11,YMgejpJylqG
1,rp,11,1M2Ye5Rz7pE
1,rq,11,B095RyMRpoQ
1,rr,11,lZx2dK2yWre
1,rs,11,rYlXeqEe2JE
1,rt,11,qPwndBD6B7J
1,ru,11,Arg4pGYOPM8
1,rv,11,o8ADra5rGzK
1,rw,11,713X4bDz8eK
1,rx,11,bOl3x4DxzeM
1,ry,11,oXj4dwodaxN
1,rz,11,83LWzg3zMDP
1,rA,11,2nEGjnVjJzV
1,rB,11,N0E6oYp1Mbl
1,rC,11,zl0AEvDZexg
1,rD,11,3O8kmPDmqYg
1,rE,11,ZqoKj97mk4G
1,rF,11,5XBEgmB70VJ
1,rG,11,ydbO1JkvXx3
1,rH,11,O9ozdg3drpV
1,rI,11,Q3q2n64gXOL
1,rJ,11,ewmZvb9Ayqk
1,rK,11,ZjwMN9QN3lX
1,rL,11,WzaQwDBLYvg
1,rM,11,kg2NRGAbaQ6
1,rN,11,zpB3ZxEAe4g
1,rO,11,Xk1zmGnpYAR
1,rP,11,bdkJYW1gKNQ
1,rQ,11,xoZkYKoYNJK
1,rR,11,5OjndoE6wzl
1,rS,11,oxBRPmlzpwm
1,rT,11,PJrbazwoyY1
1,rU,11,d4qVeAWx8Gp
1,rV,11,VXKpdRPyjbM
1,rW,11,3krVexwE9g2
1,rX,11,mAWbgVXkGw4
1,rY,11,Y8vZdZkPqDy
1,rZ,11,GoWArdKOe3E
1,r0,11,yMWpZwp1RDG
1,r1,11,zOgwRwWREQW
1,r2,11,j8kpgw1on5y
1,r3,11,8Yx3nMkrMmQ
1,r4,11,l8Bga0Par7J
1,r5,11,0JWPNWGNrdp
1,r6,11,orG3m8wd7Xx
1,r7,11,1PY4zVrzJ3O
1,r8,11,RV1EAk843Zv
1,r9,11,Qq9OyBpX5d1
1,sa,11,Wb1OayYa9d0
1,sb,11,BNWygWb30q6
1,sc,11,nloX6LmAYPm
1,sd,11,19KjxaJlRB2
1,se,11,ADWrZb8eQgE
1,sf,11,7wWdGdv8xo9
1,sg,11,jQOYbZ5g9mW
1,sh,11,n40mxlR9dMv
1,si,11,Y6EvrnQl7jz
1,sj,11,DbWAgrx1Pax
1,sk,11,Z3pBjnoyr7P
1,sl,11,jK74qB4dnJe
1,sm,11,oRVkbn8pwWn
1,sn,11,d3Epgob9WjV
1,so,11,K3qJnb3jL2N
1,sp,11,rp01QY1QbGy
1,sq,11,5eYaWeyWxqm
1,sr,11,7wqQAyojgmn
1,ss,11,o9lZwDXwnxr
1,st,11,qw2j7mkZxXE
1,su,11,2b4Xav4Yx13
1,sv,11,PzEKW6wqv5w
1,sw,11,x0r8GZwbM42
1,sx,11,nw1ZEJAXxgy
1,sy,11,DEYxOndyWMr
1,sz,11,al6YgGXRJB9
1,sA,11,axPYlK0egM7
1,sB,11,3KByvR1P9JL
1,sC,11,Q85NjD9pkd0
1,sD,11,Jkmzoq5o365
1,sE,11,vxzgZm2yLoe
1,sF,11,Z1oWvPBg2xD
1,sG,11,avdyjG9EK8G
1,sH,11,vPNwa6q1G9Q
1,sI,11,0eOZ4eojzJW
1,sJ,11,pNOjeX9mk5K
1,sK,11,7ZARp29yejJ
1,sL,11,mVv7qzvqyQN
1,sM,11,YqvRAOGAJpQ
1,sN,11,m5Y29Z5j8bX
1,sO,11,vjAxMpjlNzP
1,sP,11,RPoyL7GLrMN
1,sQ,11,xG1vrbNr9q6
1,sR,11,KmMZpoZNYqD
1,sS,11,zVyDMeVdWQw
1,sT,11,4rLK9wbak5A
1,sU,11,wzWEgXLg2Dx
1,sV,11,Qjp9y4JdgAb
1,sW,11,D1znbKgbv5A
1,sX,11,ry3xEe3gYkB
1,sY,11,dqRPbgMxnEN
1,sZ,11,LvRDjVzjGmP
1,s0,11,3g8mPOQRQ94
1,s1,11,vLnNVwdjA79
1,s2,11,0bvGWpAJPBn
1,s3,11,QqxVdlM6vBA
1,s4,11,xwYVJMkgkZG
1,s5,11,oyvRbKWbXpJ
1,s6,11,QZ0xzogz3eW
1,s7,11,PZpYAqKel0a
1,s8,11,ObnXAb06jQr
1,s9,11,1n4g2lz83qm
1,ta,11,XqzmbBrbR52
1,tb,11,Yo37dbqWQrp
1,tc,11,Xb4ZW02mjdx
1,td,11,8pKV51PaQOP
1,te,11,Gbd6JNox2Y0
1,tf,11,E5DYkmRox8L
1,tg,11,0kXBlnE1G25
1,th,11,9qYmZXMgOLW
1,ti,11,x71Xl28QaW6
1,tj,11,74PQRznRZ6E
1,tk,11,zbdmQmaQNwr
1,tl,11,J3vygQK41rd
1,tm,11,WoLGzq5zXaV
1,tn,11,p27Dy5lLw8E
1,to,11,k8KwORq67mN
1,tp,11,6Y8OlJDkn2K
1,tq,11,PqgyZKEoJON
1,tr,11,vYzw64wy5GQ
1,ts,11,X7826QPNkZb
1,tt,11,nv2x4gNd5Zw
1,tu,11,0Wa4mGwmv6M
1,tv,11,v7oxKB1JWL1
1,tw,11,dQYlD6NDERb
1,tx,11,Q1e9o8loOrG
1,ty,11,6O3ke1o0zXP
1,tz,11,b6wAgO7g93a
1,tA,11,e2JYrz1blQo
1,tB,11,M0kZ2y4EVOK
1,tC,11,w0Rje95ekQ2
1,tD,11,Z48zg1PyorB
1,tE,11,onlzE47QZ61
1,tF,11,LQNBmEo68EO
1,tG,11,P4M91x7X0e5
1,tH,11,yDMKe89GRgE
1,tI,11,p45rdOeWNVm
1,tJ,11,NVdP6B7rqoW
1,tK,11,0AONRwEpKGP
1,tL,11,l8PjdwKdpDA
1,tM,11,DVe7WYMWjYb
1,tN,11,2wjWgpOdeJz
1,tO,11,1kgXbN5er4J
1,tP,11,zBlmvkAgRj7
1,tQ,11,1vZlyq83kE8
1,tR,11,J61VgaAgmy8
1,tS,11,5nBVAroRzJ7
1,tT,11,w7MPXy5X46g
1,tU,11,w3g40ld0dbK
1,tV,11,Kq2XoKjmEAl
1,tW,11,MvjNkAQkprl
1,tX,11,3G1JeEOdrjn
1,tY,11,vbKLlWxg3ER
1,tZ,11,kR1Bvm06Lo7
1,t0,11,XP6GdGnvD4N
1,t1,11,gAb1XxrnDVY
1,t2,11,wARNgkxaxm8
1,t3,11,4J1XVp3MKA5
1,t4,11,nZz56v5Qap3
1,t5,11,Vm89nAG1rEx
1,t6,11,8zAMoGWoGEb
1,t7,11,k7w08eKRdvB
1,t8,11,ryZodVRdJjN
1,t9,11,OAQxqnX2BWZ
1,ua,11,5aOeGek4vZY
1,ub,11,DlJG4o50yeX
1,uc,11,MpZYrZ017Gq
1,ud,11,gZepRWNx19D
1,ue,11,Eb74mQNRyaX
1,uf,11,m7lwEXvyQ8a
1,ug,11,DxA3brNbR7n
1,uh,11,WOv9dZObLqR
1,ui,11,wpYOlKoldQa
1,uj,11,oOkwNz4AYnd
1,uk,11,xE7zjDWKP1O
1,ul,11,Va4XmkQpMqE
1,um,11,BqMgjalX4NR
1,un,11,8dQazyNqWJP
1,uo,11,y7VAlrXZqmp
1,up,11,Rg0EWRMqpLA
1,uq,11,xAakeDAyzDY
1,ur,11,M8eVd8Xdqbn
1,us,11,8ybJewJ2KOV
1,ut,11,PMGQlw7lA5p
1,uu,11,x32Qbw6lKo1
1,uv,11,RndWGoy5Jb0
1,uw,11,1m5WO6KbRwr
1,ux,11,gJ6R4XVaBGv
1,uy,11,pyGDwkeaY7z
1,uz,11,VydakevPl5L
1,uA,11,AeX4jwLlv39
1,uB,11,y2RJjpM0Lab
1,uC,11,glwjLewOEmq
1,uD,11,Mr0z2EM2vOl
1,uE,11,3mkD4Q0pJVR
1,uF,11,83lymwBoAX5
1,uG,11,WDMnbwQly8A
1,uH,11,G0VoLqvx9dq
1,uI,11,NG1bjD9BmEa
1,uJ,11,jZG2PQ4RMek
1,uK,11,2EmMOrLd1gl
1,uL,11,G1PpmZJmDe3
1,uM,11,A0YjpeNoxZE
1,uN,11,g2ebjGN1oxr
1,uO,11,MmxlzydkwXR
1,uP,11,068DwZbwLmj
1,uQ,11,a5KzGy7l8Y1
1,uR,11,8KjGqwvR72w
1,uS,11,VoZqe0vK5wg
1,uT,11,0rO1Kw1kbpj
1,uU,11,qExBAwOAV5v
1,uV,11,4o2q03O05ky
1,uW,11,P3VdOwRDBLA
1,uX,11,qXnG1ozMwZ6
1,uY,11,578aMNo6kPR
1,uZ,11,EkVyrv3mG4D
1,u0,11,lVLrdXZ1QNx
1,u1,11,PoZl6abr9GW
1,u2,11,LNd3ZbzZAaE
1,u3,11,3vB0r63Znd4
1,u4,11,O145E4OorVZ
1,u5,11,VRvYlojAkxo
1,u6,11,oGq4jZ3JRzb
1,u7,11,m1X0MyqM2LW
1,u8,11,V63gNxoRLD1
1,u9,11,OWk7pn2p6Jr
1,va,11,MDw3qnkRaxO
1,vb,11,LwedvzbvbRA
1,vc,11,LRqjJOZ3wyD
1,vd,11,0VgdWlQolbN
1,ve,11,3k8lEMyE1qA
1,vf,11,8lN9ZDePRgM
1,vg,11,BwzgoqrZ6Lj
1,vh,11,Z3MrgyMgWQ6
1,vi,11,EbnX9ywR843
1,vj,11,q7pAgqMgW5b
1,vk,11,pYm730P3EMQ
1,vl,11,3oy8Ad91OxR
1,vm,11,GVywnpeQ1dj
1,vn,11,qAM6drvdYGW
1,vo,11,D08eZl13Vd4
1,vp,11,7pV4g60aqMB
1,vq,11,ARGV09kv6Bw
1,vr,11,e167kmQkzvp
1,vs,11,wWxmkwAlvYZ
1,vt,11,1a29MQ9MDoW
1,vu,11,9675nPbqoYw
1,vv,11,n0YBJyK8LWR
1,vw,11,RgO3ylm9aqV
1,vx,11,mDPvd7jOlq2
1,vy,11,wpZWXab0QmL
1,vz,11,rvG3gKZO7eE
1,vA,11,RqWynlKNwlO
1,vB,11,q0RlE8ZjMYo
1,vC,11,3xAYkVAoblp
1,vD,11,JXBqvz4Mrw5
1,vE,11,O8YLqZ3BN5l
1,vF,11,w8mNdw9J0aW
1,vG,11,Ge8yZav2nzm
1,vH,11,KJmjZ3wZn64
1,vI,11,No9AwY4nlk4
1,vJ,11,7r1Ogke0X34
1,vK,11,gvGPjgR3BXy
1,vL,11,LlaKgn8k4zX
1,vM,11,6r8yg4Bn0Gz
1,vN,11,1abp4pN67O5
1,vO,11,BYmLRV0xyGw
1,vP,11,y2R3Ag7Av5L
1,vQ,11,Rze8vwXDKPp
1,vR,11,v5KJa8Ar7Y1
1,vS,11,oJeLqW6ply6
1,vT,11,xr6RyokyDqG
1,vU,11,x8KBqwZ07k6
1,vV,11,BZDQ0a8LWXV
1,vW,11,o05XKwoKBRk
1,vX,11,840z9BPa6q2
1,vY,11,xBpR6w8NdQk
1,vZ,11,50r4KgDjzwd
1,v0,11,b5xPod8o34M
1,v1,11,3D8KM7DzPZw
1,v2,11,z8moME7ldAx
1,v3,11,NGbBR91Rez3
1,v4,11,NRDegnEz3QW
1,v5,11,pbr6jRzjMv9
1,v6,11,X691LnvLeMJ
1,v7,11,7JgaDx2KWx2
1,v8,11,wyk4p6LA0Gr
1,v9,11,wJr23BQANEm
1,wa,11,Y38mXnvXNgB
1,wb,11,laGJozwgqdK
1,wc,11,dN3MlbOryLG
1,wd,11,ZbRom6aX4kW
1,we,11,z86wbGgbNvK
1,wf,11,Z1ry410v6NV
1,wg,11,rLo4GE9Gpqm
1,wh,11,VMN9ABPvP7g
1,wi,11,eVGZXvanEYa
1,wj,11,M3DoE0A6Prm
1,wk,11,qNg3ym9y72r
1,wl,11,2z8GYOgYLap
1,wm,11,D9rWZwoZ3pm
1,wn,11,6jXgpK5k403
1,wo,11,OPJB6DmjoaG
1,wp,11,on8P2NgyOEb
1,wq,11,4zePplobqkx
1,wr,11,yVKEOGEN7g3
1,ws,11,e37Wjp8jamp
1,wt,11,k7Owv6OAax4
1,wu,11,0x7O4AZ5X3e
1,wv,11,OypJmGomjkX
1,ww,11,DPVAjwqgarZ
1,wx,11,xBRqGoqvOLW
1,wy,11,qwGYDKeWRQV
1,wz,11,68JqjWmNnOY
1,wA,11,lvgBbOd0Xme
1,wB,11,E9rVMNW7mBx
1,wC,11,3dmJGNRGl8n
1,wD,11,zbpowAvr7NM
1,wE,11,qRzXmlPmJw4
1,wF,11,k6P4QGR7nDY
1,wG,11,0a3dbKALNP6
1,wH,11,9yLpN2OVx0M
1,wI,11,k7nGrAO0NYP
1,wJ,11,ZlLmgGJWRQj
1,wK,11,Aq18jlKpD5e
1,wL,11,Ga7pk4WwlKW
1,wM,11,VLZGrMG8MBd
1,wN,11,WpqyzpglLb9
1,wO,11,Na9krG5nX3o
1,wP,11,PY0eOyVLykZ
1,wQ,11,dJlxQlza4DX
1,wR,11,l0zeVwe5NOB
1,wS,11,qgk5Qr1nKjR
1,wT,11,yGQB9voPYkE
1,wU,11,M4QX0OL1LVE
1,wV,11,0YlZg3Ek45m
1,wW,11,P74ryQmy9lL
1,wX,11,gX5AzMlkEQ4
1,wY,11,pKGZ2KYRMDy
1,wZ,11,q1eYRQqR7O0
1,w0,11,Kbpnq71yeEz
1,w1,11,dDB3Zn8y9P6
1,w2,11,j07gNvor9QY
1,w3,11,Zb9gPpLPBvj
1,w4,11,MrdLzZ3G29R
1,w5,11,yO6BnmqnzZr
1,w6,11,EnW6BqxYZoP
1,w7,11,6mOJGOXjlok
1,w8,11,xd9RgPLgYXk
1,w9,11,2Z4aypXyVng
1,xa,11,nYgOZnBZVEB
1,xb,11,81pPdvaK2qa
1,xc,11,ea7Y0Gk0Pbo
1,xd,11,jGgEeapl7AL
1,xe,11,Nb2k6oeldoZ
1,xf,11,G4V7mdby89D
1,xg,11,7GVED68R1Xb
1,xh,11,l8om6p46K7d
1,xi,11,bEZwqvJqnpP
1,xj,11,PZEV7ovk8pl
1,xk,11,Rr3j4w34kN6
1,xl,11,aOWQl4ag64x
1,xm,11,vKDJzMyzNjO
1,xn,11,XM1PGaeGDRQ
1,xo,11,BK9ARwjyrXP
1,xp,11,MVwoadla2g9
1,xq,11,4QPqo5Xg02w
1,xr,11,ORVeG12aElq
1,xs,11,xbY26yWPQR3
1,xt,11,kVXMlA6d4x3
1,xu,11,Aqxa14NwWoB
1,xv,11,KEaeOqpAZ7Q
1,xw,11,yqgK0Vz0dGn
1,xx,11,RW7lz1azBKo
1,xy,11,yXqjeYLnoWg
1,xz,11,NJbGgW7g0W4
1,xA,11,Mp0XnNZn83l
1,xB,11,3RZNBwLyz8P
1,xC,11,W83Ro6Vogvr
1,xD,11,BYvDwk1rlmX
1,xE,11,oBVZRWv0bXN
1,xF,11,3nkOga3dvxP
1,xG,11,MWr7JoY0YZQ
1,xH,11,dlx2g5GWLP8
1,xI,11,9GbZq5od8Ek
1,xJ,11,qM95al2nWxe
1,xK,11,Lbpmzm297Bw
1,xL,11,Q6O7vK8aD9x
1,xM,11,vnVrJ6xNA7x
1,xN,11,EAG4gxpgWny
1,xO,11,n5E6oROD4bA
1,xP,11,njWPdregVKO
1,xQ,11,PB9V1ZdeEOb
1,xR,11,4r0DadJGqjd
1,xS,11,87gx3rdzOBN
1,xT,11,0rlPXgNa8z7
1,xU,11,KMAEzAJ9eZ0
1,xV,11,Rbp9aLEzQGX
1,xW,11,peDj9LP9Wry
1,xX,11,r83zv1rxNqW
1,xY,11,P29xLOWLq5m
1,xZ,11,vQ5bgDLgK89
1,x0,11,yzK4aN1g2Bb
1,x1,11,AgW87WxZJjG
1,x2,11,Jy08zl8zjk5
1,x3,11,AzRaepRm0OB
1,x4,11,8y0MadV5ZrG
1,x5,11,7zJw0O9V64R
1,x6,11,lkPYdKzWb8e
1,x7,11,lOAneaPJqZv
1,x8,11,no8XAOWA1dN
1,x9,11,wq8eGRkpx6Y
1,ya,11,YxAvrvdg2oV
1,yb,11,m7wlJKx6zWZ
1,yc,11,g6Xajd1nVYv
1,yd,11,Q063k4jPwWm
1,ye,11,mZwNbg4pJg5
1,yf,11,MQdgNWaLXr7
1,yg,11,43ayGykeb5q
1,yh,11,vge9bGAzoRN
1,yi,11,qkj2y246w3J
1,yj,11,8d427NdrnmP
1,yk,11,aPmDVkgV8L1
1,yl,11,NJ8jv5DLePl
1,ym,11,MqPaKmRbDE6
1,yn,11,LBXJd6Jdn7Y
1,yo,11,5Nr1bwqpdRB
1,yp,11,Lp59EYwrZRw
1,yq,11,OVgmA0Ojn8D
1,yr,11,JMy7RW7Rz8V
1,ys,11,plGVjGJnPbK
1,yt,11,we7Kp6OEAmo
1,yu,11,BOjqnqKbDd1
1,yv,11,Zm6qAWeLloR
1,yw,11,Ag78bKELOmk
1,yx,11,Ox5yLy9LQwR
1,yy,11,2AK7ewkewdg
1,yz,11,z518rMkYQBa
1,yA,11,aDOyJe8nQGg
1,yB,11,7ZJeXmYXq89
1,yC,11,Ky38ewgeRMd
1,yD,11,jxvndJD7rgw
1,yE,11,bpv0KQ0ZQlj
1,yF,11,0RGgomV31P6
1,yG,11,8PaM0wajz1D
1,yH,11,aVyZv6w4jRA
1,yI,11,84lLewMOZ2g
1,yJ,11,AGm2ZEx8PO6
1,yK,11,EN0bOM7Zz6P
1,yL,11,9YaoOqgjxMm
1,yM,11,5YZ91n612xG
1,yN,11,p63v98o7QzL
1,yO,11,AGkqpkvnM6m
1,yP,11,5JKoGvoNjAp
1,yQ,11,57RQ0XP0gOa
1,yR,11,gjykz8J1RKv
1,yS,11,Mo6bwOv18Xl
1,yT,11,xL92rYxGXb0
1,yU,11,wvB2AeQAYJK
1,yV,11,xjLV4rpGykw
1,yW,11,BnWOeyr0bLP
1,yX,11,VrLl029M5Pw
1,yY,11,WkNpb7nDzl4
1,yZ,11,3l7z9Q2GBa8
1,y0,11,zML6JOgJ8yA
1,y1,11,W04aOk3OYAL
1,y2,11,PyOwNrq5LjD
1,y3,11,XD2BbGBp9q5
1,y4,11,Gq7ymJkNjgZ
1,y5,11,OPNbgb8eAMk
1,y6,11,DnMr5dMmRgo
1,y7,11,zJEQyQ2bqK5
1,y8,11,3eyYkEqkOB7
1,y9,11,9Wga0WmpLjY
1,za,11,g7WKJKRblq1
1,zb,11,8NykogVE2mB
1,zc,11,LdvnRmn6Bp9
1,zd,11,n3MBdWQe14J
1,ze,11,ePX6xoR3lNY
1,zf,11,bGxLdwX6Yl1
1,zg,11,2XO9MRqeRnD
1,zh,11,aAeLQWnonZ8
1,zi,11,EY7gqr8yD46
1,zj,11,Y1QEbvPae85
1,zk,11,5pKnNxlNZXm
1,zl,11,1Z5EdgJ6Dx2
1,zm,11,D5qlN7my3Zv
1,zn,11,34P1a4LaDXy
1,zo,11,6REAZdVwKJb
1,zp,11,NAJ1alVg5o7
1,zq,11,0eJ9wBYZAkY
1,zr,11,owbKBD4B1X4
1,zs,11,325WZB1eAg9
1,zt,11,2nkPpGNY9yo
1,zu,11,JPz4KpV13ro
1,zv,11,LNAb9vPaRoE
1,zw,11,avVELDebzXY
1,zx,11,oAKxgyxWekm
1,zy,11,7oD0BdeXpGm
1,zz,11,Or0xWkYGmev
1,zA,11,JvP1Ol0OMqy
1,zB,11,wXBWydwj4pA
1,zC,11,qJ7YlegVdBK
1,zD,11,GXqakg1lwJK
1,zE,11,OaDoxyGRA8Z
1,zF,11,zOb6WEV3o5q
1,zG,11,bqg18Bb85B7
1,zH,11,eZN6jL5gE7m
1,zI,11,0NPg6w27Y94
1,zJ,11,x9m1gKDQvB5
1,zK,11,NPX1gKxyabp
1,zL,11,2zJd6QzwNEx
1,zM,11,6k1VwRe9qBx
1,zN,11,KMzyar0p5AL
1,zO,11,LWy5kxDkazE
1,zP,11,n8aKdzGk45P
1,zQ,11,eaNDzxXzGQl
1,zR,11,BVJ5gmbNoGa
1,zS,11,bvD9qwOqpWJ
1,zT,11,qePogY0zvxQ
1,zU,11,9qkPBpxB72W
1,zV,11,v2PLgWNjM4d
1,zW,11,18y0l20jEKn
1,zX,11,3j1DVoQMkZw
1,zY,11,Qz5obq9bLWD
1,zZ,11,5xlDdoy6XPq
1,z0,11,lgwveLWPa21
1,z1,11,adPJ5pOWpR3
1,z2,11,o1eAwbpaOvn
1,z3,11,5bog37ePVR8
1,z4,11,z67Nke5kbKq
1,z5,11,X9vZ4MA4p1R
1,z6,11,MOr2gLRm6pZ
1,z7,11,24q9Pw3PvrW
1,z8,11,yParkwDOmQe
1,z9,11,x2QDPwgP7zK
1,Aa,11,6NdW4reQ8VE
1,Ab,11,DzrW4K9oAaw
1,Ac,11,0q9PXDk45Wg
1,Ad,11,okbExqR10Z3
1,Ae,11,V3D2A4bNodr
1,Af,11,KeqnN6woD54
1,Ag,11,kWlVjKWjrL4
1,Ah,11,7JprxBawAgz
1,Ai,11,p8lyMy0qVLv
1,Aj,11,QMo20rma1yY
1,Ak,11,OL8x6wjGMeb
1,Al,11,302GdP5vkMr
1,Am,11,l4GLyweaQO9
1,An,11,z3w4RO7R2OE
1,Ao,11,9oVGvbBvkez
1,Ap,11,vBKdyQ8m8Rp
1,Aq,11,yg0LKenv1aB
1,Ar,11,OQEA6ym6n5o
1,As,11,RWwvEaNbokX
1,At,11,m6kGomNvxVK
1,Au,11,nE7ke1GblVN
1,Av,11,rqjDRZ0vdZy
1,Aw,11,7gB3jEVl2Ar
1,Ax,11,DJxpQWrm3Pj
1,Ay,11,oZArjnrjLeK
1,Az,11,7kaDexK9EQg
1,AA,11,jdLlbK2g2NQ
1,AB,11,enGbz9BWPyA
1,AC,11,oDEOeo5GaPA
1,AD,11,aBzPLRVLjv0
1,AE,11,Z8q3lQNav5J
1,AF,11,mPXZq5o1rVD
1,AG,11,N3jZelNdAlp
1,AH,11,7Lq2AJEPOwG
1,AI,11,E7x4aemaeVA
1,AJ,11,5GonJ2ZJ0O8
1,AK,11,9nNVpne4LgM
1,AL,11,wkB2ameajGE
1,AM,11,VLNvelJgWxR
1,AN,11,NwV0EXOzm6J
1,AO,11,GmJNbn3e90X
1,AP,11,L6l1d6MN8rQ
1,AQ,11,J8xK0bXZzyo
1,AR,11,gzEMqPbWw0R
1,AS,11,yqla9rpj04r
1,AT,11,Kg7ZLokLW3n
1,AU,11,ONMdVyKpPxy
1,AV,11,ag36yMdXWMN
1,AW,11,r3wKbKmnz42
1,AX,11,RZ6waev42QW
1,AY,11,V75ZelWbm0G
1,AZ,11,KoGxL8AmOwX
1,A0,11,K0Eon6oLbRY
1,A1,11,aMLwjp5zev7
1,A2,11,gQVqvo0L6WN
1,A3,11,mR4zVbnV8yp
1,A4,11,owKEzJrzy5X
1,A5,11,X9GMbKNZJk3
1,A6,11,y0YVaRyQGv2
1,A7,11,w1WZbV4vBeV
1,A8,11,yxZE02R0zqR
1,A9,11,ykmvemqeWBZ
1,Ba,11,L1o7Y6OxVJ6
1,Bb,11,rzONdbQoDWK
1,Bc,11,zKPBmNOJgZv
1,Bd,11,y42KkEd7LAZ
1,Be,11,12QaxgL7wlb
1,Bf,11,yGNvdOAm1Wo
1,Bg,11,0A97eybzEMX
1,Bh,11,zK1GaD4anZm
1,Bi,11,Kj1vRGB5NJn
1,Bj,11,2DyOkQZ8PEx
1,Bk,11,J93axW3xqzE
1,Bl,11,Ml8pdwyg91Y
1,Bm,11,RK50ENxpjNO
1,Bn,11,b3P1Nk5WG4D
1,Bo,11,B2ApYpwMmQ5
1,Bp,11,D2JLMa4QWdR
1,Bq,11,O832mK0g5a0
1,Br,11,2Qb8gdja39N
1,Bs,11,PWq74em4KEj
1,Bt,11,5r2mXgkXVbA
1,Bu,11,nEKRDR5rWkp
1,Bv,11,LXRYKnMmODr
1,Bw,11,oDOqMnlWk0n
1,Bx,11,njRwoxPo2OB
1,By,11,OQ4L7XP7lyb
1,Bz,11,jPe0zxrdlRQ
1,BA,11,N7MdAz789xb
1,BB,11,17lEkyAkO2r
1,BC,11,8JWonOqN3a2
1,BD,11,l1LK08zd9Jv
1,BE,11,awKGvA9vjeb
1,BF,11,Z52ngmjbpQe
1,BG,11,DnM9a85bWmr
1,BH,11,WKjXov7dmbl
1,BI,11,1OkxQ0NZ5nz
1,BJ,11,pzd1onyxqA9
1,BK,11,859JpvM7mvE
1,BL,11,l6vjal3dRNx
1,BM,11,94jpE9QEKzV
1,BN,11,0ObKgDGm5Z2
1,BO,11,ENXJYyAYbDd
1,BP,11,vDV84k2d7kM
1,BQ,11,QY1ElYJXbzd
1,BR,11,A9rnzL5gx4P
1,BS,11,0YaLZbwqy29
1,BT,11,yJvZGNQznNP
1,BU,11,Mbde2Mm2E9Z
1,BV,11,bvWKAKDa1lM
1,BW,11,AYrLqzD02eg
1,BX,11,kDEVeADJvaQ
1,BY,11,lO8wLEVr9XG
1,BZ,11,P08bkmykzj9
1,B0,11,M8bXnPylzBx
1,B1,11,0zKyb6QA6X1
1,B2,11,l0E7LYkgOxJ
1,B3,11,6EwzX8eY7aR
1,B4,11,GOzognMQLW0
1,B5,11,W42OnbklvNq
1,B6,11,eBXmyPOLq6Q
1,B7,11,vJwBlOLpGW7
1,B8,11,bmeK9gK9Rl3
1,B9,11,Z7Y50RV0Axe
1,Ca,11,8gojaeNGNwr
1,Cb,11,rMnQKy5KbmY
1,Cc,11,1YajbwXLkBN
1,Cd,11,nEABzmNW2Q4
1,Ce,11,L5OgKwde7nz
1,Cf,11,6V5wxJmjaym
1,Cg,11,50zKeo7eDOm
1,Ch,11,RAZa7EA7GXj
1,Ci,11,ZDpv6KyG7Ab
1,Cj,11,mNynWkvQBz6
1,Ck,11,OaNJweaw7M6
1,Cl,11,ApXVBN2BJZ4
1,Cm,11,XgKMnDMjkEJ
1,Cn,11,mk0AlyQl9ZW
1,Co,11,kBb2e1NnqdR
1,Cp,11,PYzARKMan0v
1,Cq,11,5eodbwVj1pg
1,Cr,11,r1BRx9JjWdY
1,Cs,11,R1lNklwA3X6
1,Ct,11,wka3KLM5G9Y
1,Cu,11,eywVankbmzk
1,Cv,11,DKMYZW0k4Ey
1,Cw,11,pO0VeD1r4lz
1,Cx,11,pxV5Eb5Lwzo
1,Cy,11,Wbmr6V4Gq71
1,Cz,11,RZ5ANQ2dLy9
1,CA,11,lz3MLbpe0Bx
1,CB,11,7ApVGdb4oM5
1,CC,11,mxQLE4LE3gK
1,CD,11,QmowxD1lZEB
1,CE,11,zG9PeMGb1ZB
1,CF,11,03wjM5RK4zp
1,CG,11,0v53jnEQxaz
1,CH,11,0NdmvVKJOBj
1,CI,11,GDdaynE0l6g
1,CJ,11,kqgbQkaVa98
1,CK,11,Xq0albJlr3V
1,CL,11,M53yNk3Njg8
1,CM,11,6dPJDAzlQeL
1,CN,11,j8ErlEYlOM4
1,CO,11,DwJvKyaK5l2
1,CP,11,ZeEORrOwr3P
1,CQ,11,vA70Z7mnd5e
1,CR,11,k4aLpArB8MO
1,CS,11,3BzgXmOQRNj
1,CT,11,8O16y8dyE9g
1,CU,11,bLA3jrZjeGw
1,CV,11,geDGZ1aZMOR
1,CW,11,5N9ypDRkqaX
1,CX,11,bWp30Mbq2Mg
1,CY,11,qgRWel9pN3o
1,CZ,11,vo1LW63w4yP
1,C0,11,zyAr1K5D6WN
1,C1,11,DQ6wbZRba2O
1,C2,11,34npKbYzjWZ
1,C3,11,vreWbKepgyq
1,C4,11,vnO5aejlqm8
1,C5,11,R8ekbGpVBNo
1,C6,11,KVy2NZJN0ZW
1,C7,11,wXojewKez40
1,C8,11,8Va0mBGbwrD
1,C9,11,qzYVnlopDP2
1,Da,11,goJZ2WqzLA7
1,Db,11,lNKjEzPVOv7
1,Dc,11,xmnP9qz6alp
1,Dd,11,X5K7Bw2kJ0w
1,De,11,2vnD6qpOXkp
1,Df,11,EB0WgLvnKDz
1,Dg,11,4War3pwQR70
1,Dh,11,Ej9Bp6kAowN
1,Di,11,bAmYPXpPX3w
1,Dj,11,zZVPqvjqeDO
1,Dk,11,YVDk6bj6bWE
1,Dl,11,gVOJavqpN8n
1,Dm,11,Gm5ZwoePVD3
1,Dn,11,jRe6EgWEz1G
1,Do,11,gMPB7MDqYpX
1,Dp,11,wyeV4mvgkmG
1,Dq,11,QmXMZnWNy0D
1,Dr,11,1el9a6QKBbY
1,Ds,11,2qvQBplBED6
1,Dt,11,VWzbgaoy6P1
1,Du,11,ZLW9BWq2koA
1,Dv,11,jd7lNyW9n42
1,Dw,11,Dd0nvJeWbz7
1,Dx,11,a2KOoDOdvw1
1,Dy,11,9lj7paPgZGE
1,Dz,11,X1qPgG06lDJ
1,DA,11,2RLYzglQDen
1,DB,11,Mo7bkQwp3zB
1,DC,11,5EQjoQGx6N1
1,DD,11,OgbQGq0AJd8
1,DE,11,YzL9ZQ9ZO0r
1,DF,11,d96G1vV1ljq
1,DG,11,4oWB1RK289O
1,DH,11,BMYGzXQ6Vq1
1,DI,11,wEJQ4nZ4Y5b
1,DJ,11,yxVjgkZrJRP
1,DK,11,vZ8RJLyPl9w
1,DL,11,yOoDdOng601
1,DM,11,2mGvQGpgZd3
1,DN,11,lao5K3JO0bw
1,DO,11,azy8kYwRGnD
1,DP,11,vn1xW2vWmXd
1,DQ,11,g1QXoDmVeO0
1,DR,11,Z9EbLvAP2aw
1,DS,11,PAkdD47lJ0Y
1,DT,11,JYlpv6D4MP5
1,DU,11,KEnr9v3pQ5y
1,DV,11,4ZO1baYb2BJ
1,DW,11,loemp2RpEPG
1,DX,11,KBYEx2jxXg2
1,DY,11,vqY7RzK9KbB
1,DZ,11,wY9BdgyqG23
1,D0,11,lKyAvWbno7L
1,D1,11,n9oG83LyxBa
1,D2,11,lk4xalda0jL
1,D3,11,X1MaA3Llob2
1,D4,11,kXAjWz1oLZB
1,D5,11,p3APKBmVYnL
1,D6,11,bMDpg4AnAV4
1,D7,11,QxW4oMJbpA1
1,D8,11,9OXxdRQg7B6
1,D9,11,04maVNzV3KG
1,Ea,11,vnY8ewxjDAL
1,Eb,11,jZJex06W65R
1,Ec,11,vD0oeAX2daN
1,Ed,11,pnMPYvDxWZE
1,Ee,11,jVZv6lkbXM4
1,Ef,11,68p3Ok8PR9V
1,Eg,11,ME0R6Q56Z8a
1,Eh,11,aXK538boBgV
1,Ei,11,Rrv4ym2aGmY
1,Ej,11,pKYMa13mbQW
1,Ek,11,aBLArV7bqkP
1,El,11,gBK43nXvOG7
1,Em,11,Bjpd3pD3zPA
1,En,11,b6lzDPg9J1g
1,Eo,11,V41nknqj53L
1,Ep,11,A84Nxn80qoB
1,Eq,11,71QzAyaAk9m
1,Er,11,PmqVGNWnyRD
1,Es,11,KOgankKnl6p
1,Et,11,oPQW4Am4Mad
1,Eu,11,bG05emdj2od
1,Ev,11,zrlVJxRgKQ3
1,Ew,11,yWv7nboZlbM
1,Ex,11,jmMB6JMkgen
1,Ey,11,Z1Pq4GnQv6m
1,Ez,11,nL1yM6rM7zZ
1,EA,11,r7JyKmDeMkR
1,EB,11,3jJxpm6aObB
1,EC,11,m3RypJbp2GQ
1,ED,11,2wPYQkgQ6Ej
1,EE,11,5EMxlryeQAn
1,EF,11,EqXDgn8zkM8
1,EG,11,8MVWy4RoneQ
1,EH,11,PZa7m90D8x5
1,EI,11,yXkZMKlroGe
1,EJ,11,jqaZrbZr4Mo
1,EK,11,vV6eQoan23g
1,EL,11,Eb3WZGyBw4m
1,EM,11,xKzabG5rl1N
1,EN,11,aVGARzJR5xn
1,EO,11,mgovewmnNra
1,EP,11,W2jYnvqrNJg
1,EQ,11,d9MyQAzDGaR
1,ER,11,yvZ5qvLBgd2
1,ES,11,LzeYnz6nk4Z
1,ET,11,58dg19Z4rOy
1,EU,11,480geGRb57r
1,EV,11,NBdVE8jo5AP
1,EW,11,ZG5P9pNOqgk
1,EX,11,K6RMmAemJZP
1,EY,11,WrYN6Q0AEnl
1,EZ,11,wAr8xz8jZQe
1,E0,11,bpm0yMmyK75
1,E1,11,DQxbewNj761
1,E2,11,Aj24go2LpbQ
1,E3,11,0oG5jMGblB3
1,E4,11,ERnD5XQalG1
1,E5,11,NZWdgnzg6XE
1,E6,11,axE61N61YVk
1,E7,11,Pj7OeW2yWLo
1,E8,11,QV7DMWwMAel
1,E9,11,xGJ3bkZ9oaE
1,Fa,11,5BAk289Vmgd
1,Fb,11,5qWzgKmonvP
1,Fc,11,6mK2wXqzPpg
1,Fd,11,W42Vea9eNPa
1,Fe,11,GWPREoQ0vjL
1,Ff,11,kvqMXBq1LDx
1,Fg,11,e0djK4n7lgn
1,Fh,11,2ok7aLrdy0N
1,Fi,11,5DerLlGRo6A
1,Fj,11,6JZAgyAgDyM
1,Fk,11,AMKR2v9GoNO
1,Fl,11,54xz1n8myBX
1,Fm,11,JRD1q364YEO
1,Fn,11,qG7loAbmrDp
1,Fo,11,AYvd0ZLeoRZ
1,Fp,11,59720dp0Mob
1,Fq,11,KbgPRE5R48E
1,Fr,11,DwloNgmk9L6
1,Fs,11,g2Pr6WMepjn
1,Ft,11,eRGPJo1g6N0
1,Fu,11,kqJQGRVGV3w
1,Fv,11,1Olx6L7Aoak
1,Fw,11,Zb8BrG0l0DG
1,Fx,11,Nk7z6Em6R3D
1,Fy,11,GvE7D7xg9QA
1,Fz,11,MkZQWzOlx6y
1,FA,11,98Zg163mOYL
1,FB,11,k46DjEMjbp8
1,FC,11,QDa43Gw3qm9
1,FD,11,4M5pYpaQare
1,FE,11,gbAv16dewj0
1,FF,11,aj1Bg5odwrm
1,FG,11,peZNlojK9mR
1,FH,11,Y5g8ARpvLNJ
1,FI,11,v2Y1Pe75Jrq
1,FJ,11,lRO8axNdPk5
1,FK,11,PpERDmVrlY8
1,FL,11,AZyBa8Eez3Y
1,FM,11,BEZ9oEeoDJW
1,FN,11,qX8DKx5N0B6
1,FO,11,Py2nx4Rvj04
1,FP,11,6zLVEaokM3x
1,FQ,11,nebVGWR4YBO
1,FR,11,Xp5GO42o6l7
1,FS,11,jJqY0qM0MlZ
1,FT,11,YXZl8gyLmPD
1,FU,11,J041Wz9eljb
1,FV,11,YJj3y0VdObr
1,FW,11,RaMxedMBmP3
1,FX,11,MPZ5g6Qk2WX
1,FY,11,B2K5mgGmZr7
1,FZ,11,zojZdGeOxAP
1,F0,11,XklAgEPjG6q
1,F1,11,wZo8Bwpqz5K
1,F2,11,xnM67ZmKdry
1,F3,11,LnkVJW0ewpb
1,F4,11,boPgQd5exVO
1,F5,11,Y8MBoMyoG0R
1,F6,11,VMobmKAkBzJ
1,F7,11,XqxK4R0Qg1o
1,F8,11,y294OmWk1NX
1,F9,11,dpr6edwvKkx
1,Ga,11,l21ReKWeya0
1,Gb,11,akE25y0xNYn
1,Gc,11,5KzmjdKp34Y
1,Gd,11,vDM2J7aojLn
1,Ge,11,Aa65l6vlGxB
1,Gf,11,kP4OZMlNQp3
1,Gg,11,7k3mjnGp4xy
1,Gh,11,JGNM6Nr6jqL
1,Gi,11,E3VaynZyR8k
1,Gj,11,j3nvORzOzV4
1,Gk,11,qbrOmyZpKP0
1,Gl,11,mqJw3mxvakA
1,Gm,11,NgRr3MzQjAp
1,Gn,11,ExORBl9kn3Q
1,Go,11,D4930k6jLdx
1,Gp,11,J7oKALPA6Yv
1,Gq,11,3lXkyA3jnQY
1,Gr,11,QzE8mKLB4Wj
1,Gs,11,QYVokpJ06ZP
1,Gt,11,GJPqm71VbKg
1,Gu,11,Jr5ZOqlmRge
1,Gv,11,4lB96VpkxyG
1,Gw,11,DBYme4QvLZ2
1,Gx,11,AlaJLR1knmy
1,Gy,11,wzRaewyx0m6
1,Gz,11,9pGqAkaxNPw
1,GA,11,bKnDg2mle6q
1,GB,11,56DEXWBGl1Q
1,GC,11,YxBJVwElp2Q
1,GD,11,Qgy0WmaWb47
1,GE,11,1qwn0K9D5B4
1,GF,11,er6qL9Rnx21
1,GG,11,jrG4yLBAqz1
1,GH,11,g4oxdpBLWNV
1,GI,11,b47VrwBn9k2
1,GJ,11,Zg658ZAvdqm
1,GK,11,DmW8dlWAnez
1,GL,11,jWxeoMnEnkD
1,GM,11,nRjYeDnyJkA
1,GN,11,LAYzpMzlvDQ
1,GO,11,zWX6ew6DGYZ
1,GP,11,9bP0zq3WK58
1,GQ,11,aAxBYrxj9p5
1,GR,11,JElj7vB7z06
1,GS,11,k7yze0OjGKb
1,GT,11,aKQkNyWBjRJ
1,GU,11,45o6DeBOwr3
1,GV,11,Wxv61gaEX53
1,GW,11,KZzlLJxG19e
1,GX,11,j0Bev8A16yk
1,GY,11,a47LApxAZJm
1,GZ,11,5M4Nm8JPXqV
1,G0,11,geQwD27mLV8
1,G1,11,KkagrWXGbRA
1,G2,11,v98XBx8Bgzx
1,G3,11,YLGb0GK0vXD
1,G4,11,89KWzRgnGDa
1,G5,11,1Kz5myd6QgX
1,G6,11,qEBM7doGep2
1,G7,11,Bz7lgMNpE1Y
1,G8,11,GEPgdBQkA07
1,G9,11,ov4KGl9edVY
1,Ha,11,AJ31P5rwZ7K
1,Hb,11,YoqRrg7rQvg
1,Hc,11,kzdAymWQPGD
1,Hd,11,BxVAXPy0lP2
1,He,11,2nm74734VXb
1,Hf,11,boW9g4zYKB0
1,Hg,11,K0lyRlAEYBb
1,Hh,11,MNYBgax12r8
1,Hi,11,3A45jy6qzlJ
1,Hj,11,Dv4VPKeq0Ym
1,Hk,11,E6PaMxLMAdk
1,Hl,11,9na86P46rGx
1,Hm,11,1kOR4aJZJAg
1,Hn,11,E3nZm32xAl5
1,Ho,11,OerZKdAplnJ
1,Hp,11,8gxDo6M5NrR
1,Hq,11,wj3pxZElE08
1,Hr,11,6kALdONpJ7R
1,Hs,11,3dYGDpNojpB
1,Ht,11,nQLY8wM6XmB
1,Hu,11,AXYpj4omxDv
1,Hv,11,VYgMk95kjPe
1,Hw,11,0ZowbyWJezy
1,Hx,11,6QN5g1qg2Z3
1,Hy,11,Y3Bv7RN7n4j
1,Hz,11,oD9Valxax3w
1,HA,11,K5qOB4pB6aV
1,HB,11,e5PpydpyLrA
1,HC,11,R05l3PBbLz4
1,HD,11,n3DLyLam4ZQ
1,HE,11,5MaeNyaN72r
1,HF,11,yLYoJwxarmz
1,HG,11,k1jEJwzOK8q
1,HH,11,Y3OV4wBlQze
1,HI,11,DlM3RpKQjZo
1,HJ,11,WDmX1xL1oO8
1,HK,11,9gEDKwp3P0L
1,HL,11,gLx3ad4aOWq
1,HM,11,XkgopOJ4d7N
1,HN,11,xbN74gXE5zp
1,HO,11,aB1xRWa0rzO
1,HP,11,ZDpYOQVdeoq
1,HQ,11,NAPmJ4r2O0g
1,HR,11,oWqJ9mLa0Vg
1,HS,11,1o85pxDp0dm
1,HT,11,Z9pavGovKdQ
1,HU,11,mGEbolLonlN
1,HV,11,J3nRDywgE0y
1,HW,11,Yp1vKYQKD5O
1,HX,11,6rjVLERkbN7
1,HY,11,4XmoR65beWj
1,HZ,11,LlpQg45jqVZ
1,H0,11,XJQ6zZjzrvG
1,H1,11,eXW0AKjzLGP
1,H2,11,Pe6GalzyYBO
1,H3,11,1d0o6d8693G
1,H4,11,QxkvoyEoyRP
1,H5,11,vAPDo2DGXN2
1,H6,11,wK1pOoRX8zm
1,H7,11,g3vGaP4aWor
1,H8,11,98PyEv3pLk2
1,H9,11,8Zm5Vzg3gxq
1,Ia,11,0lkvXnvX12E
1,Ib,11,owAekER0Zz1
1,Ic,11,PNqnZDe0QWM
1,Id,11,JNZWM4w1mbv
1,Ie,11,NE0zgr0MKeP
1,If,11,wr69yvjyQlk
1,Ig,11,69gRpk5GEeO
1,Ih,11,w6YQvQ0lzJK
1,Ii,11,N54Alynwpvj
1,Ij,11,eGjWkL4kXdP
1,Ik,11,POLRZynwoyK
1,Il,11,DE3VpdEOmq1
1,Im,11,JmKbaAk0k2A
1,In,11,ElnQkEzx7aj
1,Io,11,koKEdDjnq3l
1,Ip,11,g8pJ4w74bPV
1,Iq,11,9deDZpJgoLr
1,Ir,11,Eq2vAR97lMZ
1,Is,11,lqWGeOGekBw
1,It,11,pyV6glzJvdj
1,Iu,11,5qRWObKlvBm
1,Iv,11,vyWaXz3LnZk
1,Iw,11,YmaMnlerlJ8
1,Ix,11,NDrqpKZvZLe
1,Iy,11,MWp62a12GXA
1,Iz,11,0RAV3NR39aY
1,IA,11,DZyKAwPeRN1
1,IB,11,BP1qxQYx8ER
1,IC,11,JDVXewOeBMx
1,ID,11,YbkX51LgKj1
1,IE,11,KJwEZyqZkj4
1,IF,11,D1qdGw1aw4r
1,IG,11,ZvP9bk0e01p
1,IH,11,KxPk2q52v3m
1,II,11,NmY3w1vbEJz
1,IJ,11,a2rQL2a69Rm
1,IK,11,LKV3bwdZ7zO
1,IL,11,kBrA6Lk4ZR7
1,IM,11,kmLrAbxlBEZ
1,IN,11,Nzlv04ZBn69
1,IO,11,1O4rveLQp6d
1,IP,11,y3a0x3bneAV
1,IQ,11,LoApbKkbqVv
1,IR,11,AM8GxwXDEp0
1,IS,11,5P9OZwQlroL
1,IT,11,QD5rn9vaOgA
1,IU,11,rx5kbV04pXK
1,IV,11,MPGyqPmOZ0n
1,IW,11,8GKE0GvyNJD
1,IX,11,NjVaE7bxMJX
1,IY,11,x7g1rKQqDyZ
1,IZ,11,G5lAMZxdxev
1,I0,11,Gd8VDX3YxKN
1,I1,11,5XZ8bnrbpBn
1,I2,11,QdG26gARLl7
1,I3,11,d0mBeMPpA4o
1,I4,11,a1zVgW47Ynl
1,I5,11,ZyRBOnyKXEp
1,I6,11,X02Q1oW1dD3
1,I7,11,1rGLzl4zEwV
1,I8,11,3GgkRkYAPwX
1,I9,11,N2WkyKROl65
1,Ja,11,jwNRbJPBJzO
1,Jb,11,kleXbawDA1g
1,Jc,11,0AmRznkOYKa
1,Jd,11,lZ7MYEp3X8b
1,Je,11,RqKZNxXN7pd
1,Jf,11,Yj1ZdgnmleQ
1,Jg,11,p7YoeaJn61a
1,Jh,11,Q8K3Rwmg0Mm
1,Ji,11,zRvA9Xl9PoL
1,Jj,11,Dr9ndw5zKeA
1,Jk,11,mN6JxgQ9D2L
1,Jl,11,MxRVvDGde6o
1,Jm,11,6XxEg8JRYry
1,Jn,11,jPV8rxbvQDy
1,Jo,11,3nPV9LwKEgN
1,Jp,11,w06geMrkAlK
1,Jq,11,7KZEWLwm0x4
1,Jr,11,Xn4BaZDg3Jm
1,Js,11,MDEreqN6a2q
1,Jt,11,xD6VOBdo3bJ
1,Ju,11,qXBMRB4elYV
1,Jv,11,jnzQgaNWDLN
1,Jw,11,6lmGVboJ2nD
1,Jx,11,M6mWpdmgL30
1,Jy,11,WjORM2ABNbV
1,Jz,11,YP1woAEoWZm
1,JA,11,6oDJWp8WqLZ
1,JB,11,r840Z6yvRJV
1,JC,11,JBPrkwgk3qb
1,JD,11,dqN1pJ1gn76
1,JE,11,N0e1mWzBdao
1,JF,11,pEDOadLaLNv
1,JG,11,2yNMbAEbldo
1,JH,11,2XnZepw6zJl
1,JI,11,3gp0nJjnEBZ
1,JJ,11,KvMyoX592zW
1,JK,11,dELV136mjap
1,JL,11,oy71DEkdM3E
1,JM,11,KlV9ZoVmQkN
1,JN,11,odnKgxOpvQb
1,JO,11,AaR84wA9XG3
1,JP,11,4dWvg5eg9wK
1,JQ,11,AGmbxwWxOKQ
1,JR,11,V3PAdO4aOE5
1,JS,11,Kla0bE8oO6m
1,JT,11,MzdpGwkGygm
1,JU,11,My74GBeDV0a
1,JV,11,Db9Pgk6AXOz
1,JW,11,y9blV4lVeBw
1,JX,11,BOkjdwj2Eo4
1,JY,11,40LQRZxgNP3
1,JZ,11,b9y3g45z7OG
1,J0,11,2NZWovJodM8
1,J1,11,waOR9n5Z1VG
1,J2,11,ywOLj6NjYrQ
1,J3,11,q40xkMNmOz6
1,J4,11,EzMLX2zXYqm
1,J5,11,O7aRQolg3nP
1,J6,11,Kdz5vmGN8ZM
1,J7,11,d9m7RX8RpGQ
1,J8,11,79D1Q10awqZ
1,J9,11,bWvjZBJZynr
1,Ka,11,5jQOg0pgYEJ
1,Kb,11,PJwE4EQ46j0
1,Kc,11,XJDBOZyeEGW
1,Kd,11,dAywrqwPa0Z
1,Ke,11,kx16gbzgbAB
1,Kf,11,gVkAjdko2MY
1,Kg,11,EwylGeOjD8z
1,Kh,11,GKmg4gjdPJr
1,Ki,11,jd6VQ89eWER
1,Kj,11,ZXDLNwD7K8o
1,Kk,11,X217bwY0eDL
1,Kl,11,jYd6mwxVrRw
1,Km,11,YJD5aEBl8qe
1,Kn,11,70a83KdD6Gv
1,Ko,11,Gl27Zbpd9k1
1,Kp,11,vJ7kRo63K2A
1,Kq,11,vjO80DjlPdV
1,Kr,11,YvKrarBa5Oo
1,Ks,11,3qRGb2ZbJlV
1,Kt,11,vdDQOl5oz9B
1,Ku,11,zmpgrdNAGOR
1,Kv,11,YEArgzrgXN5
1,Kw,11,WG83Mgal6Jp
1,Kx,11,3glpd4kbJw7
1,Ky,11,zDKYlwaO3ra
1,Kz,11,eMxaomyowPO
1,KA,11,YdmbgvVgZzw
1,KB,11,jm2xOY3oALp
1,KC,11,OwJ4KA5KbmW
1,KD,11,kKzxoqvdj8n
1,KE,11,WoqMjlmrl0n
1,KF,11,mxea2aq2Kny
1,KG,11,qxXNdbGjOz6
1,KH,11,7xOaPBAQAkE
1,KI,11,A9zdjKBpV2b
1,KJ,11,LoJPeLrX8Mb
1,KK,11,BJ579lArZRy
1,KL,11,lM15RvnRa74
1,KM,11,J7GXKMPeMVN
1,KN,11,YOJqj5EjeAX
1,KO,11,BD9y0wajrn8
1,KP,11,y2m8GyZNAYn
1,KQ,11,KAb5MrYQg4x
1,KR,11,ZJdWgJZgwq6
1,KS,11,KJv6Zez4kBx
1,KT,11,q6geWo6anKY
1,KU,11,YNQ1pyjbOgM
1,KV,11,zBn7OKA2pv6
1,KW,11,m6W0GKdyZ1g
1,KX,11,dQM0wZd1DZA
1,KY,11,ARrPbKVQyMq
1,KZ,11,XEgxRAERroV
1,K0,11,O6JKaR2aebw
1,K1,11,2mBz7Mm73Go
1,K2,11,lPeYWoeq8ka
1,K3,11,D2QLKb7jRZx
1,K4,11,WNzp1KNRKne
1,K5,11,RkNY0envKqy
1,K6,11,8eAv7GYyMD9
1,K7,11,gqRAeWJyYob
1,K8,11,rndz6b262Kq
1,K9,11,5wlPGmAG6BE
1,La,11,pj4N7Dj5naV
1,Lb,11,l86y4bJ4J0E
1,Lc,11,Q0kpv0KYB39
1,Ld,11,xZ49keodERr
1,Le,11,8KMd7gy1EYg
1,Lf,11,ody76BN6GvA
1,Lg,11,9ReAknVkoP2
1,Lh,11,awV6ozD35bn
1,Li,11,3VPEdwYQjM1
1,Lj,11,BGprNBVN49M
1,Lk,11,pjz1EmByQVg
1,Ll,11,vBorxEwdElb
1,Lm,11,JeMj1DjbxPR
1,Ln,11,E49kgk4aAP5
1,Lo,11,oK4VqO7q1Jr
1,Lp,11,L1lYeaZg5Aa
1,Lq,11,PynaNrpgkDw
1,Lr,11,WzQJnvmYOxP
1,Ls,11,PdVZ5LRnRvz
1,Lt,11,605eEgdWbVd
1,Lu,11,a98eQDBqwK6
1,Lv,11,7wKzkvXm2Ev
1,Lw,11,r2p81KxZ7Bg
1,Lx,11,G36PgynrJXb
1,Ly,11,xX1pKQvLr6A
1,Lz,11,26ALbQjdzKX
1,LA,11,BW8PQ7ZxaDO
1,LB,11,ke1joLMB8lW
1,LC,11,lMxNbJ7DmzA
1,LD,11,ZoG7rlvAbME
1,LE,11,zAmWyNgJ1R3
1,LF,11,QMbWg17d95q
1,LG,11,mMnZG6zG1p3
1,LH,11,6XMgxL2oQzV
1,LI,11,WxmKXANq2n7
1,LJ,11,zJo8LVBLkEZ
1,LK,11,Kp7YR7rXBW5
1,LL,11,8QOmdwWdjzA
1,LM,11,RKldn6bnoz4
1,LN,11,1zRwgx1m2kM
1,LO,11,kbm3VL8VrOv
1,LP,11,JYQMDk1glN3
1,LQ,11,lAQevGjom18
1,LR,11,QR4qnazlJy0
1,LS,11,LV0OWXjx3Kq
1,LT,11,Jpyqa6LeYxB
1,LU,11,p4O0gL9NmGM
1,LV,11,5Jw6DKRdnK7
1,LW,11,KxOdY4Jqre4
1,LX,11,7kY0emDaLPJ
1,LY,11,ZBbgGvwWJXM
1,LZ,11,MykOJmwdNP9
1,L0,11,269ReLOdyLm
1,L1,11,MV3g1R612Ob
1,L2,11,Or3BgKd4qaW
1,L3,11,XL6q1LWRZ0a
1,L4,11,yv20laWdM7x
1,L5,11,njqxEAYE2V8
1,L6,11,mA9ygdja1vj
1,L7,11,B7yWk9WRQbz
1,L8,11,rPWJGEDa4Bb
1,L9,11,Q3dzR35L1Vm
1,Ma,11,Pb2zaeKwgBv
1,Mb,11,ZYy5qoeOmoD
1,Mc,11,Y47zdpDdvEn
1,Md,11,7Nl0amV3BwG
1,Me,11,2z8jbwpDw9N
1,Mf,11,a6EYOL39nGX
1,Mg,11,grnDOMNKj32
1,Mh,11,g6WeRkL9DwJ
1,Mi,11,KeWglbBl8Gy
1,Mj,11,qaL78Ay8dYj
1,Mk,11,bj8qpKDyRX7
1,Ml,11,WEj1pwxdX25
1,Mm,11,ZozPM8v0wEY
1,Mn,11,JLKpM3yG6je
1,Mo,11,AGRVjdWpq86
1,Mp,11,m9rGBqyBvRE
1,Mq,11,kNvBep3bg8z
1,Mr,11,pMgkRwJ72Eq
1,Ms,11,458QewVjJrn
1,Mt,11,3yGev4KE9bd
1,Mu,11,LoKdm4oA6Qe
1,Mv,11,ZoJYmGbqQBr
1,Mw,11,Mm3kbGB0O6v
1,Mx,11,bZjnM6AvWEg
1,My,11,0NMAek1pwJz
1,Mz,11,zeVNReYR21a
1,MA,11,B9pJobvo8aw
1,MB,11,1Y9VDYw5zZe
1,MC,11,19DdkpNno3P
1,MD,11,wq5dGonZ3lz
1,ME,11,4yrYnyNj70k
1,MF,11,M39yxYVBQlv
1,MG,11,G6PRLyWb4eQ
1,MH,11,kmQqbwkbWV4
1,MI,11,4LXQbnrbM1D
1,MJ,11,31goEkpqQRb
1,MK,11,KL2XjKdl8xG
1,ML,11,gA8G918jVqb
1,MM,11,39EWj0pjwBm
1,MN,11,KQOpdpVabqR
1,MO,11,43ad2y12RjW
1,MP,11,gOkylx4lMxn
1,MQ,11,4Qz7bK1lJ2j
1,MR,11,aBoxZN1PwGj
1,MS,11,MawJep5jPm4
1,MT,11,j01ZkqN7Den
1,MU,11,ENJ3oDKePmv
1,MV,11,QeAzxz6xlvX
1,MW,11,Ggz0d4DdwkW
1,MX,11,075pLx8Ld1z
1,MY,11,VdOQx6NxEgM
1,MZ,11,bV7g9m7B4vE
1,M0,11,KLy4m1wq9gO
1,M1,11,xv6VKDEj5wm
1,M2,11,j7yroKdxbzq
1,M3,11,EYWbkv6kDvm
1,M4,11,rnpV65M6PNj
1,M5,11,7xzJbw1O6EX
1,M6,11,NOW4m1GEg1l
1,M7,11,B9PAG4rjgNr
1,M8,11,y21lxNE9YBp
1,M9,11,RbP5lpAQYoE
1,Na,11,8KDXg0VqBrP
1,Nb,11,86PngG5Mae4
1,Nc,11,zeYr6L06vN0
1,Nd,11,QNgpBQ2MEqy
1,Ne,11,29PMpqB7oar
1,Nf,11,ApJWvYbyVEb
1,Ng,11,NokeXqkOGvp
1,Nh,11,EzoeqW03MZA
1,Ni,11,nWx2Bq1BdgR
1,Nj,11,yq7egyz5paW
1,Nk,11,rAZlgbk9Rx8
1,Nl,11,bEjplK6vz17
1,Nm,11,GXzWOoqRErV
1,Nn,11,5dPJjg9LW0w
1,No,11,O4qwp2rpkyz
1,Np,11,On1Xal38LxR
1,Nq,11,k1PvD5n95Nq
1,Nr,11,7PDyqmodkEB
1,Ns,11,VKnx40moO1D
1,Nt,11,xWXDE18q82P
1,Nu,11,JgXVl0Qj6YA
1,Nv,11,PeKX8mkW0x7
1,Nw,11,D70oLvzLAkO
1,Nx,11,xRV7jQ4ynkY
1,Ny,11,vNa59aNb1GQ
1,Nz,11,b6jlO9DaWZ7
1,NA,11,XO9vR9vGQaj
1,NB,11,gbnRJ5RN2Go
1,NC,11,BRqm80L8QkX
1,ND,11,LlvxgAbm9DY
1,NE,11,2bqlDAovg9r
1,NF,11,QEK8kq5kqlB
1,NG,11,eKg0G3YWR6L
1,NH,11,jVr6opXoZyq
1,NI,11,Lz3J7RQ6Vam
1,NJ,11,w80dlk8aM9j
1,NK,11,qvQE1gmprOL
1,NL,11,mD6wvKWvO3Y
1,NM,11,dbWwRWDN83v
1,NN,11,xoeGOd3Z5dL
1,NO,11,9WYBMoRp5qk
1,NP,11,RZM0kg9lpEe
1,NQ,11,PZw6AnwxV1q
1,NR,11,AEN2g1egZ3d
1,NS,11,RdKwbMwqYaW
1,NT,11,oReran4X8A7
1,NU,11,poJjRZE3mQW
1,NV,11,PlJkEaGgOnv
1,NW,11,ly5gRvLKneW
1,NX,11,8G2gadla9m0
1,NY,11,q305pGbdbvA
1,NZ,11,BpMR7KVPd1Z
1,N0,11,Qx6OLORagnD
1,N1,11,G7KOMRVMz63
1,N2,11,njBZzgXpqbk
1,N3,11,Y3J9Z3mXNEj
1,N4,11,nwLpMyrgWKq
1,N5,11,Em1vjnMOYk2
1,N6,11,mPBRgPoyrl5
1,N7,11,2pM5RD1o4zJ
1,N8,11,N2mzgaV6bOK
1,N9,11,o5ELd7LJZQG
1,Oa,11,wDpMjp7l7NV
1,Ob,11,o6nGgk4xaev
1,Oc,11,RXdKop1AgND
1,Od,11,NKXmWYGQO4j
1,Oe,11,2xbNKeG4Z6D
1,Of,11,Ka4J1RY9dWM
1,Og,11,ArJyb2OeRqm
1,Oh,11,3yBb51xgEJn
1,Oi,11,ylBEbKObY3r
1,Oj,11,dLgraeVvZpB
1,Ok,11,ONqEQpvn27y
1,Ol,11,JWR1LKj5gyn
1,Om,11,vxr30wZlgdB
1,On,11,41O0AoqvELo
1,Oo,11,pe6ZWlLWd4v
1,Op,11,gX46zw2OMql
1,Oq,11,YqnzrpMAXwV
1,Or,11,59JY1qkwjd7
1,Os,11,lEKaewWeQLR
1,Ot,11,4MxY3E7w72z
1,Ou,11,bV7zpOgpgGk
1,Ov,11,pD18xKYqMzl
1,Ow,11,MLVBlr9wGZm
1,Ox,11,ZOnxGYxmqpd
1,Oy,11,aWXVOeBbz4j
1,Oz,11,28w1NgGN9Yv
1,OA,11,av8reDaJqV4
1,OB,11,KAj6WM6aEQx
1,OC,11,wlEanQ6r1xG
1,OD,11,2bLODvnDwM9
1,OE,11,aDPbrb3j6Yk
1,OF,11,j4YemKRgO5z
1,OG,11,ZaXYlGglRzG
1,OH,11,Dx3dRkORnE2
1,OI,11,NJAk2aA27KQ
1,OJ,11,edE5oRlrlvY
1,OK,11,JNR4GD10r6K
1,OL,11,3dDAznvz97o
1,OM,11,72ogX92AG94
1,ON,11,LxZJOnL1jpB
1,OO,11,MxN6jnJjOd2
1,OP,11,VZqorOKrMyg
1,OQ,11,jmDManpL5gY
1,OR,11,9ZXyA4jODW8
1,OS,11,V6JovZPl31y
1,OT,11,B2g7GYjvwL1
1,OU,11,oENmJpm0Rg7
1,OV,11,8y9VKr1WwQl
1,OW,11,d3JpolM6wgR
1,OX,11,LamxENA1lrX
1,OY,11,MBwQlb6lm85
1,OZ,11,EgRK9zamMpw
1,O0,11,ZY91v87LO8a
1,O1,11,2glKeGqWXjb
1,O2,11,KjqMZobrb3D
1,O3,11,8X1Rk2ajzJ0
1,O4,11,jomqQKkQ5Ma
1,O5,11,LvB0lmWb1gQ
1,O6,11,VZWomqzBM51
1,O7,11,GlwQX9vAOav
1,O8,11,P3oqgpzRpaA
1,O9,11,87ZV04X0qGQ
1,Pa,11,LyEzwPdw8Pb
1,Pb,11,7nKpgkGg0PA
1,Pc,11,xZ0v98nGKb3
1,Pd,11,Epm84aJyq70
1,Pe,11,1nNAZo4gLEb
1,Pf,11,pa70Bd2Xk1o
1,Pg,11,6wnXJeky10l
1,Ph,11,7vlO0Pl08M3
1,Pi,11,3JK9m9xW76M
1,Pj,11,omj4zqaz9p1
1,Pk,11,Ozx79N0Pq3E
1,Pl,11,ZBjylZPmxY4
1,Pm,11,P54woZEyE7k
1,Pn,11,dv4wW9vN7l9
1,Po,11,Wg62EwQZbBm
1,Pp,11,9xRjadML8Qv
1,Pq,11,eYjRv2xMaP8
1,Pr,11,g0l1dGOdz9B
1,Ps,11,P3y7QNonYzL
1,Pt,11,DwVLlOklXnG
1,Pu,11,BR5DvmOlL18
1,Pv,11,qv5MovxarQl
1,Pw,11,nQZpKGlLVD6
1,Px,11,Z4l9v7wvbNW
1,Py,11,bGAV6EGyg4o
1,Pz,11,Y3b9o1R0qpA
1,PA,11,R7KmVrml5rY
1,PB,11,Eo4aqNeB29x
1,PC,11,eJbD9qL6E1P
1,PD,11,ndvJ6kdW2yr
1,PE,11,0W3XZldZvM9
1,PF,11,1m85nqmnyzo
1,PG,11,pyYV60wJ1oW
1,PH,11,AZ8Rvd4vYo3
1,PI,11,r2Ol40aqM8w
1,PJ,11,M4mZwK0aOLv
1,PK,11,pl7oBmbO4eP
1,PL,11,WXMBaPWdqeb
1,PM,11,1Xqr7rj7RDj
1,PN,11,rDR3kEnayLl
1,PO,11,6KNdlvX29Wg
1,PP,11,zpmEdr2dkQY
1,PQ,11,9PL04RYOv5R
1,PR,11,mqdXor5gKyl
1,PS,11,jelkQ2A023V
1,PT,11,7nZlEgWEbOe
1,PU,11,n7w0vWnEzlJ
1,PV,11,WKmz3Pm7eB2
1,PW,11,k23MRG5BqxN
1,PX,11,kJ7AEe6Qz1j
1,PY,11,Y6aP7rDlQLg
1,PZ,11,lrRxdWb760M
1,P0,11,RpwjdwjEn5a
1,P1,11,WZ89BwKBL0b
1,P2,11,O89Yoamonjk
1,P3,11,0b9KrVvrlaW
1,P4,11,6KpYzdDz35R
1,P5,11,jM6xgl1odaE
1,P6,11,ovQZdgkdJLD
1,P7,11,AVqweQo0a6E
1,P8,11,YkbKrZygNPM
1,P9,11,1zkVwv8eoN4
1,Qa,11,JVrQGw3Goay
1,Qb,11,VrPl4bV4pO0
1,Qc,11,Qey54dX4pM7
1,Qd,11,476lA3b1REY
1,Qe,11,zo6XlwXeqVR
1,Qf,11,3WDG7xokrp9
1,Qg,11,kygml0LlnQ3
1,Qh,11,Jzj6WYD1D4o
1,Qi,11,YLVRywDrqZb
1,Qj,11,vN2WOQ0K9oZ
1,Qk,11,gzRGAkzZ62K
1,Ql,11,gr4X8qzn2pm
1,Qm,11,kPlrpY6nJa7
1,Qn,11,GVZagGNYxDE
1,Qo,11,QZPJbk5wXBE
1,Qp,11,8awbm9WlrkP
1,Qq,11,Wkd8gbOARoQ
1,Qr,11,XDZ3GmjQyOM
1,Qs,11,v90mOe4kPgV
1,Qt,11,DXn3Q65yYgK
1,Qu,11,oMzNeMqeDbB
1,Qv,11,eDAmJrEOY4b
1,Qw,11,wXEBbGObZNg
1,Qx,11,VYl0dpJv5pL
1,Qy,11,YB6wbV8jvA2
1,Qz,11,X4BMWkMrKxL
1,QA,11,pKRAqe6Zx3O
1,QB,11,W4O6dX1Yevj
1,QC,11,5nA8G0NbdOQ
1,QD,11,Dn5plmelvzQ
1,QE,11,95PBrpOAv8V
1,QF,11,4jN0EmOMDVd
1,QG,11,QLYdbgQ0akA
1,QH,11,veP84Q02dEo
1,QI,11,zN3JxyXvb6G
1,QJ,11,WZbaK6mz82X
1,QK,11,VXZ3jAajqJD
1,QL,11,5kGvqOBmYwJ
1,QM,11,5KGynm6le8b
1,QN,11,BMQNZEmZLJG
1,QO,11,yNMWjp1KQpX
1,QP,11,YVmD2EDvOGL
1,QQ,11,o0p3QkrlXYv
1,QR,11,m1A35Zr5OzP
1,QS,11,dNxaAwNnZMz
1,QT,11,GKj6vyKpYAk
1,QU,11,LXRdjG0nk58
1,QV,11,1MpwkM6xy4d
1,QW,11,PjL8ZQAZrd3
1,QX,11,Vo3R61WgemZ
1,QY,11,PAWag2mKryV
1,QZ,11,nXxg538vj4y
1,Q0,11,kY15BYXJqam
1,Q1,11,Ql3Zbr1GOEB
1,Q2,11,X27mk5n0Zp9
1,Q3,11,Z5q0eAvj2y3
1,Q4,11,m4X1nJ0kNvl
1,Q5,11,wqYl9bR9z0B
1,Q6,11,aMEj1QJnoL3
1,Q7,11,5ajYkpqw7P9
1,Q8,11,l379NyJxYMg
1,Q9,11,rQ4RyrEl0OA
1,Ra,11,2KBqleNyj01
1,Rb,11,NVA84gbodgD
1,Rc,11,3J2g1m8RMbp
1,Rd,11,x0QbR2Q9kzp
1,Re,11,8elGbMLpOVd
1,Rf,11,4Dabo59o1ZY
1,Rg,11,5Eq71MXoaed
1,Rh,11,8X4J0ay0okN
1,Ri,11,LBY9ePAJQgN
1,Rj,11,rLRyPd7q6jp
1,Rk,11,Qn0VwxAbPWl
1,Rl,11,klZGmYpQDMy
1,Rm,11,4zAnyaN6NY5
1,Rn,11,9zZLmxQow3v
1,Ro,11,XM4VEdn1O2Y
1,Rp,11,8roGkeMk3bQ
1,Rq,11,wJdXZl4Zo2W
1,Rr,11,BEXYkyzjK10
1,Rs,11,yn5YPoRWqj6
1,Rt,11,87L3JvWNY9B
1,Ru,11,B4REO21rlNo
1,Rv,11,a6rlqoGqJo0
1,Rw,11,QP7j6LkJyG9
1,Rx,11,ReK1avnaP8G
1,Ry,11,aEjBPdpPdgb
1,Rz,11,4OoVgkXZx8d
1,RA,11,6A7jxbvxygM
1,RB,11,4wqWo9yoAQb
1,RC,11,Brwg1EgxzLX
1,RD,11,pLaZlp2dR9A
1,RE,11,kLKZNJ5l0wv
1,RF,11,vl09aPqgRjm
1,RG,11,qmY2Qo2AdN3
1,RH,11,pBYeWz5gvdx
1,RI,11,Qa2xJKn638Y
1,RJ,11,E8ydlado3Oa
1,RK,11,7z4mlrblG32
1,RL,11,Q2KJoKdaLEz
1,RM,11,W85ZQRqEwXd
1,RN,11,pYnRkyQkrV8
1,RO,11,p0Wy7xvwjE4
1,RP,11,N1wVgm80nq6
1,RQ,11,z5RxD28rpKg
1,RR,11,Lezbom5okw3
1,RS,11,1rxGmxGEbdk
1,RT,11,PoO6WKblXLM
1,RU,11,B2NW3wW3Ydk
1,RV,11,megBaDGr1YP
1,RW,11,M67dp4AkROn
1,RX,11,gD9VkZBky83
1,RY,11,QozZKlqL34J
1,RZ,11,8ZkOvqBa31q
1,R0,11,yp1odgodwq7
1,R1,11,3KxV5aWMqr2
1,R2,11,gXxbBbxWGqD
1,R3,11,ExnA3KJmbeN
1,R4,11,9pn1k9zgmoK
1,R5,11,a8BVDVZDAj4
1,R6,11,90mG1mXgYVj
1,R7,11,dMqAN1pRorQ
1,R8,11,xGYXaLE4K2j
1,R9,11,r7vLdON48jP
1,Sa,11,WwkVGwKG6aB
1,Sb,11,dmM793ZYx63
1,Sc,11,k1G6lM0W08g
1,Sd,11,mNQKonyaYld
1,Se,11,OpRJgn6gwxY
1,Sf,11,4PEOo9mozKA
1,Sg,11,4BEMQ8geYpn
1,Sh,11,pGZR70Z9ko3
1,Si,11,PZ85bG4A7L3
1,Sj,11,N1arkDAwjbQ
1,Sk,11,Jl8DdbAyoq5
1,Sl,11,QlNP0dJLbK2
1,Sm,11,EG1VjwOjKJa
1,Sn,11,eYy81x81Wo6
1,So,11,BP5AdlyevW8
1,Sp,11,ARd3a9ea1Xv
1,Sq,11,D2mxroeyp1J
1,Sr,11,xKQN3nOE6zg
1,Ss,11,4ByoOQRpkVd
1,St,11,jDloJyqJa4z
1,Su,11,gzkMa6EeN5r
1,Sv,11,8nd1okBV02r
1,Sw,11,mLAV4eZM1Ow
1,Sx,11,G1Y9LXzR2gn
1,Sy,11,5GqwnRoeMER
1,Sz,11,K7OoPb6Pb1D
1,SA,11,6dy4DlAqXY2
1,SB,11,rDjK9MA9Rzo
1,SC,11,v8p6MnEokwD
1,SD,11,MvaoxJX64yO
1,SE,11,ypQAGpyjmOP
1,SF,11,no2p1AE1PwK
1,SG,11,0ONkA9Oy7mY
1,SH,11,7k0DaRoLjBV
1,SI,11,K8ZYnkKnkoJ
1,SJ,11,oMRXyXQkJNr
1,SK,11,wPZBpkLd1EM
1,SL,11,V6gELDaRzDX
1,SM,11,zO3Qe0KjJq6
1,SN,11,16WyzyraQk8
1,SO,11,mzo5leWQ3Dq
1,SP,11,VbOnZgrLByw
1,SQ,11,k6OPrYjAx19
1,SR,11,y3wJ8oQLpWZ
1,SS,11,DP0gGw9nk57
1,ST,11,805koWaQr7l
1,SU,11,3zWNewge6QY
1,SV,11,oB0G9vJ9NnP
1,SW,11,ynpqwZxd3Zv
1,SX,11,k5ynDklqYaR
1,SY,11,G6mWlO8r7wY
1,SZ,11,GDKLjwaZ076
1,S0,11,E95WodNPVDx
1,S1,11,LMqpAekwJgd
1,S2,11,DV0wx0BW1pN
1,S3,11,oje8vrQAMmW
1,S4,11,vXaJxvwnD41
1,S5,11,pL3Vep9oX1n
1,S6,11,gXGRZRlLOxk
1,S7,11,JdYarw1G0q5
1,S8,11,4ovpb3zdWlV
1,S9,11,PrgVnbaem8b
1,Ta,11,8nD091A9kjy
1,Tb,11,7jw6gowgReY
1,Tc,11,RW0nvqBpxOz
1,Td,11,Gg2Vad0aYX9
1,Te,11,RxQZoxrYOKa
1,Tf,11,05J6VgoVwM8
1,Tg,11,p9n6bVgQV23
1,Th,11,bvEXdvEQ795
1,Ti,11,1PL2N9ENA34
1,Tj,11,Aze5qK6bxVl
1,Tk,11,7O4Ex3KxDar
1,Tl,11,PwJDoEPerq7
1,Tm,11,eyMYr41Dp3X
1,Tn,11,MzLG9pvj4B8
1,To,11,Pw8YROwR4lq
1,Tp,11,lbzxkneWwaO
1,Tq,11,2ERabyWKyDW
1,Tr,11,QWbPa2ja1Oz
1,Ts,11,BDO4LXVbzr1
1,Tt,11,Gr0jAE0a5mo
1,Tu,11,V4wNWBZWZR3
1,Tv,11,N0erga6mRBv
1,Tw,11,AyMNoXKJx7G
1,Tx,11,xMdrZQJaRO8
1,Ty,11,YoVmze9zeQ0
1,Tz,11,ODE3VoLaqQv
1,TA,11,qNey1v4gQkp
1,TB,11,25ByWpJa1zw
1,TC,11,PREebn0Zlk2
1,TD,11,jMz9oVqgdp8
1,TE,11,xoD2BnmjE6q
1,TF,11,4dJWmdPm78O
1,TG,11,G1dYEYKvJ48
1,TH,11,5KqndgxeLl9
1,TI,11,kX015a4QlAZ
1,TJ,11,oWerzb3gBGR
1,TK,11,Mq10OwVmPQz
1,TL,11,8zVMn2LamJ5
1,TM,11,KaDnr75OpQo
1,TN,11,KMQPyZem5p1
1,TO,11,G28qe9DKaJw
1,TP,11,w3ljQ9xamWJ
1,TQ,11,qA2W7orB3Le
1,TR,11,bDBGqwGqmyL
1,TS,11,ROa3L9B48rl
1,TT,11,WV1QpwQgxk6
1,TU,11,K28ZzLKoVLX
1,TV,11,3Jvdgk9bP6n
1,TW,11,WvEqjGQYw4g
1,TX,11,Nbprxa3dXqG
1,TY,11,BpMrXbvX7gz
1,TZ,11,AYMajOyr69o
1,T0,11,RW03LWeG69r
1,T1,11,zV7qYJO30x1
1,T2,11,r6awzr0QlZD
1,T3,11,AZ1wXwoXObp
1,T4,11,AKkXe135gB4
1,T5,11,KWd0x7kxy5v
1,T6,11,YWd14wbDKey
1,T7,11,7VpMa8LaKOL
1,T8,11,QXKRjk8ob20
1,T9,11,Pzqx9LyOKED
1,Ua,11,EOBVNyrnmWD
1,Ub,11,ylkbrxVZNYn
1,Uc,11,mNa4d4ArEPZ
1,Ud,11,NqVmxY1xzg6
1,Ue,11,7YXzrbKlgP2
1,Uf,11,WxVlnKGngwG
1,Ug,11,kDE7gAp8NYZ
1,Uh,11,R3j0EAVNe5g
1,Ui,11,o6ZPjnlGD2N
1,Uj,11,O4rEvyxonqy
1,Uk,11,rYbvjnEANk3
1,Ul,11,WP8D1Q51xdO
1,Um,11,78GvjlZbzMg
1,Un,11,b0ANzMAzBOG
1,Uo,11,M2j7rKMZv8Y
1,Up,11,k2AbYV813Pz
1,Uq,11,8Ye2oelp5vV
1,Ur,11,brQ859OGE06
1,Us,11,O1EK6abnB3D
1,Ut,11,QVy7omEo96l
1,Uu,11,2e7KlYLm1wQ
1,Uv,11,gq47zEezvwN
1,Uw,11,qJZklwKlpEW
1,Ux,11,VdLYPQGRbeX
1,Uy,11,O3yRewdgzxm
1,Uz,11,aq9k0xl0R28
1,UA,11,Gv6zrl1An48
1,UB,11,Gvky30l3EaD
1,UC,11,OX9veWGeQo7
1,UD,11,klmnglGVvKO
1,UE,11,nNkzp0Kbvjw
1,UF,11,pZGXqYwPYDR
1,UG,11,Gmyo6rQgK4a
1,UH,11,eqkobKob07R
1,UI,11,PaXKperbm7O
1,UJ,11,Jj2voEjKlR0
1,UK,11,LyYplMqlgmd
1,UL,11,08KVjRlqy2B
1,UM,11,X1EylwJVkdG
1,UN,11,nJ5NjQKZYxw
1,UO,11,0N39D83ez6R
1,UP,11,DQ5ely79MZ0
1,UQ,11,x4oKG6KAWpg
1,UR,11,KkxXR31V1ND
1,US,11,DNYaweYwr9v
1,UT,11,ARkxy4vLKJj
1,UU,11,8QovbnYrpq7
1,UV,11,Ok6PGD5xQa4
1,UW,11,anvXGEkbW93
1,UX,11,GmnQ6eOlJvL
1,UY,11,Dy8MbGdlKJ1
1,UZ,11,BYlWmLV0bRX
1,U0,11,VdQzZMX8MAk
1,U1,11,1abV9M7eMDl
1,U2,11,rA3QyZNyjdL
1,U3,11,K91VlbwjBmp
1,U4,11,pM758o38bze
1,U5,11,5q06jD7bE9a
1,U6,11,9nMNd43jrlE
1,U7,11,vpajy9jbMKB
1,U8,11,OP3moynw8rE
1,U9,11,BgznKvRKy9O
1,Va,11,XdBepBvp2a5
1,Vb,11,qz9OgOvWPbA
1,Vc,11,geRVmNzm5aA
1,Vd,11,r5boLexW87j
1,Ve,11,Bq0O9071G5K
1,Vf,11,npaqOvnOGbY
1,Vg,11,Dl9NeErA8pg
1,Vh,11,J9AdoRK1nxv
1,Vi,11,8dJzm9zq67o
1,Vj,11,B6oxkq1kzQy
1,Vk,11,mnQDNyBZR4g
1,Vl,11,AxP3eL9ZYDX
1,Vm,11,Q13EbzZbaLA
1,Vn,11,7E4JXkpaD5R
1,Vo,11,Ma10Gmk5BPE
1,Vp,11,a6RjO3AEXYo
1,Vq,11,gMNlDGvnV81
1,Vr,11,1LZKgd6Bbv9
1,Vs,11,LDRXl10zPnw
1,Vt,11,mdz0LgylYRr
1,Vu,11,3XpaL1ML6KB
1,Vv,11,ZQK8XBmg43x
1,Vw,11,q1xyYNMp4gO
1,Vx,11,e5zxgyGd2nj
1,Vy,11,NZa4eEAelOM
1,Vz,11,oDlnKxYb8Zd
1,VA,11,qEM60rMD58A
1,VB,11,K35yopkd28E
1,VC,11,LQGdYJ0k7Wn
1,VD,11,G67eqbePKWg
1,VE,11,EoqvYGjreZ2
1,VF,11,3RM9bJxLk0q
1,VG,11,qx1XGZ0aYjV
1,VH,11,59Lpelqg2EW
1,VI,11,E8gOKwR140d
1,VJ,11,6DkpKBe1AV5
1,VK,11,Q9lpmZDJLyg
1,VL,11,EzK04walN5P
1,VM,11,16pnRGvyMWK
1,VN,11,Zr43gxlgeOj
1,VO,11,rxjE7zaNgR0
1,VP,11,rGlW6WqOZ1V
1,VQ,11,kxwEeLXeJGr
1,VR,11,Yj7dna4v5ry
1,VS,11,25ePxbLYdwr
1,VT,11,26AxpJ3mPNa
1,VU,11,ay6XqWp2mov
1,VV,11,y3wqogOoe5D
1,VW,11,5yd9MN5WX7J
1,VX,11,GxZ6em6852n
1,VY,11,n4v5mW12oDe
1,VZ,11,3mA4dO3dqDG
1,V0,11,ZLjDEry1nv3
1,V1,11,68bJ0OG0P4k
1,V2,11,2MEXa4Z85ro
1,V3,11,n1eYGJ6GQaj
1,V4,11,AJZ2eawdkMY
1,V5,11,6dQ8WYZm23k
1,V6,11,A3Pqyd7oOVE
1,V7,11,dG5Jk5XR9Zz
1,V8,11,m04qWgVPMLd
1,V9,11,r24o14WGKMk
1,Wa,11,ZoqPn4rbK7L
1,Wb,11,drPDEPbGKVO
1,Wc,11,qVDZbOYeakj
1,Wd,11,yJBx2lYLmXe
1,We,11,DQjK2nMB0Og
1,Wf,11,0g57dLYNrMQ
1,Wg,11,V2ywbn8W6nq
1,Wh,11,j502l016aYo
1,Wi,11,1PaMGb5ley2
1,Wj,11,laRoz93ePLJ
1,Wk,11,VgzajpMn3KJ
1,Wl,11,DNbxXk7Xl9B
1,Wm,11,b73vKanDM0J
1,Wn,11,Wxo7zy3EmpO
1,Wo,11,MBxP6Qa6VEn
1,Wp,11,Aq1Q5lyaRem
1,Wq,11,W2GVrAEroYy
1,Wr,11,JqV9dD5rL1l
1,Ws,11,wB43ew8kOJg
1,Wt,11,0N741wAKe9l
1,Wu,11,v1X5A2xQKld
1,Wv,11,m01AERpNQX3
1,Ww,11,0VGNpAJn4W9
1,Wx,11,2rX1vBLqoyN
1,Wy,11,NyL7ekp2Yvr
1,Wz,11,RoYGkA5kQ4D
1,WA,11,gdZJAlPApa7
1,WB,11,6r4RORYBAkw
1,WC,11,Xq8RPexldE1
1,WD,11,brQOLYQLJXM
1,WE,11,4rMOeywpLoy
1,WF,11,xBPLzRxk9Xd
1,WG,11,3yXEel5opm5
1,WH,11,NzDdLDmQJa5
1,WI,11,wn0Ajx1poDx
1,WJ,11,2AgpRmqRkmv
1,WK,11,3MdLwbglQeq
1,WL,11,w61Kaq05GWd
1,WM,11,L62YnlRD89d
1,WN,11,X1dolpOjVY7
1,WO,11,xnXqOy3eDJG
1,WP,11,XjyPdNvdeQL
1,WQ,11,2QK7lpznkAP
1,WR,11,bdX7a1DJRw3
1,WS,11,paPRelzrEly
1,WT,11,RpW89RDyPoe
1,WU,11,glQJOwQB4da
1,WV,11,Lxa5WyNGl4X
1,WW,11,0PqDbwpdNyv
1,WX,11,OY4B2XG7jo3
1,WY,11,nP6NARjA0R5
1,WZ,11,7z6bB6xd984
1,W0,11,rgpw7YBEvNj
1,W1,11,6doJjaEjPlv
1,W2,11,6vaeoGMEB3n
1,W3,11,4w7DjdWGKpx
1,W4,11,lxkq31ko21M
1,W5,11,qzQgep6jJ2p
1,W6,11,b0Jk56OyEMg
1,W7,11,8QArlyBj91b
1,W8,11,EXlOLM4vY5e
1,W9,11,4MazOrDZ9YP
1,Xa,11,7mwGzJaEyWk
1,Xb,11,Vm0Jjz4aeyM
1,Xc,11,vnAKLBjLzWQ
1,Xd,11,kXjWo5WLO9m
1,Xe,11,DAV4EY7xgQj
1,Xf,11,5nlRgLGdJ29
1,Xg,11,zKkmOqox0wW
1,Xh,11,87LOZkYgvMx
1,Xi,11,A2bkd3rj8Oo
1,Xj,11,GgDEAaWdW3j
1,Xk,11,W92d0wp3DkM
1,Xl,11,8OrVZdOxKje
1,Xm,11,r2aQYP8Yy7N
1,Xn,11,qGDKnK454R7
1,Xo,11,71MWvEMv3dw
1,Xp,11,KRO1omkdkz9
1,Xq,11,qxw0OzvOYGJ
1,Xr,11,dr1apmLgyw6
1,Xs,11,2ZeD4w6W6OG
1,Xt,11,v5ArmlrEZ1B
1,Xu,11,XWwvEQPny8Y
1,Xv,11,9jp8r2P6PnX
1,Xw,11,PrZglJ0Eynx
1,Xx,11,Dnoej5LBv6z
1,Xy,11,4kOrVzPgol3
1,Xz,11,dq45rvWg3NW
1,XA,11,kQ9orGkrydx
1,XB,11,9M5gjJ9naDq
1,XC,11,Re12MvdAnmG
1,XD,11,E7vLqzZqnwZ
1,XE,11,mkp1N10lKxw
1,XF,11,zGvMqmZneV9
1,XG,11,MO3gJKgJDRE
1,XH,11,KAZJ1wr7q5b
1,XI,11,QvK1ndkqjl5
1,XJ,11,l1Z594YxDQa
1,XK,11,VyonpRrpD85
1,XL,11,4Jyekxb9W7z
1,XM,11,bm90WRKkRJA
1,XN,11,rkKyjK8gJ0m
1,XO,11,m2QJOMrnL9W
1,XP,11,Y1k60gmL4ZV
1,XQ,11,Za4yY72qxG1
1,XR,11,1ZQeqWanpYJ
1,XS,11,YoGdxrEbK04
1,XT,11,N7jXyoNA0Wp
1,XU,11,G2EkqwynVBN
1,XV,11,P5m7WaMWr2q
1,XW,11,QMndRWjG1Kw
1,XX,11,aLBJwd3kGj8
1,XY,11,8dnlbQab0P9
1,XZ,11,4De9k5VaX80
1,X0,11,RYnw4dAgm27
1,X1,11,OxjkQZ2QB4a
1,X2,11,10zB9g0rvwq
1,X3,11,nMmlZ3gZPzg
1,X4,11,WKlng6bgo2Q
1,X5,11,qmMyW9aWVLk
1,X6,11,xJKjmE5mVQq
1,X7,11,qbmOV6OPXWl
1,X8,11,nNJOvazd8x9
1,X9,11,WXO3qBnqAeb
1,Ya,11,MJ1RbnVb2L9
1,Yb,11,P9wpKzLr7aR
1,Yc,11,NB5kXbrXga7
1,Yd,11,k0qVALEag94
1,Ye,11,d2bQpOGpq93
1,Yf,11,Y9xQo4LowlZ
1,Yg,11,djoD6GxL3BX
1,Yh,11,kV0dJQomWOE
1,Yi,11,bBgvnmW025R
1,Yj,11,1pmNa92XAPy
1,Yk,11,9kBqKmv0O2w
1,Yl,11,pjNJXWPGOka
1,Ym,11,02vbAnkO7Ve
1,Yn,11,4nKW2o32ZDw
1,Yo,11,qoeJ1X2lVdw
1,Yp,11,B138rOWrpxl
1,Yq,11,n5kywyAwW0d
1,Yr,11,jwW9LqKGzR5
1,Ys,11,3DXvb2GegPW
1,Yt,11,xldaMPvr41P
1,Yu,11,K3LNGXEpZRk
1,Yv,11,a2B71ay1y9R
1,Yw,11,PBr1obGlNLz
1,Yx,11,ORayXoBQAlD
1,Yy,11,yPD5jG5aA84
1,Yz,11,NjwqGgnrx9K
1,YA,11,53DVgnZg1NY
1,YB,11,pe7QA6k9OZo
1,YC,11,wq3XlJ0KeY7
1,YD,11,kn7bDkXgwW0
1,YE,11,31gZabXlN7Y
1,YF,11,79mPBk4wOG3
1,YG,11,8RLAleBoqxV
1,YH,11,pX07bw3bK6D
1,YI,11,XK4EjAejQRw
1,YJ,11,aMKxVPxV78d
1,YK,11,WYg6y9xjkK8
1,YL,11,Y94aEeZWGNA
1,YM,11,vWLJbKrlBkp
1,YN,11,LPKv5915MjY
1,YO,11,8NEOkpaG7gm
1,YP,11,Yd65z9ezXoN
1,YQ,11,RbEVnD7lxYA
1,YR,11,42a3qrKxypL
1,YS,11,RkrXbGwbVag
1,YT,11,D8LVn6poE73
1,YU,11,ZG8xKmPwpL5
1,YV,11,Q89mgOvzY5x
1,YW,11,PoynAk0lYOq
1,YX,11,RNno4KVBPbY
1,YY,11,d5Y7gbrg4PW
1,YZ,11,agjvG1OmBq3
1,Y0,11,1j2qvMyvpxY
1,Y1,11,JyqDln9Qkz6
1,Y2,11,5no7jzgVrOa
1,Y3,11,K4MNrl6LY9d
1,Y4,11,2Wp451dk73Y
1,Y5,11,rEPjeD3l1pJ
1,Y6,11,N3ly4qGYG5j
1,Y7,11,PaOWjpWe6rz
1,Y8,11,NAOy65Bo25Q
1,Y9,11,APZlwv9eRnq
1,Za,11,KjqDyBZy5Ea
1,Zb,11,oj2mKlLK5JE
1,Zc,11,jwY1mJnmz49
1,Zd,11,9RgLPaePxON
1,Ze,11,JzbdrN6r6Gv
1,Zf,11,XjNZBmeBxm4
1,Zg,11,knmqJE8aNZ7
1,Zh,11,ZNXJkgXyeD6
1,Zi,11,KAqM5Lez96b
1,Zj,11,AwOpZomgEd1
1,Zk,11,vlkK564nqNr
1,Zl,11,Vo2WnRrn49e
1,Zm,11,klAYBGyzPng
1,Zn,11,az9gPaEPbo0
1,Zo,11,Z21Mj1Gmr9g
1,Zp,11,L5kVn6MeMBR
1,Zq,11,ayP0LwOLAeg
1,Zr,11,0DJAKqgB7md
1,Zs,11,laK8M7eP7L4
1,Zt,11,PO5dMoEW1mx
1,Zu,11,naZeBm6D5Yx
1,Zv,11,67GJgedqWY8
1,Zw,11,NmnVyxe7v0e
1,Zx,11,eZE6dO1ADLK
1,Zy,11,l4NjqJZqKPz
1,Zz,11,RypPgwrzXK6
1,ZA,11,bKGNQ9bW94k
1,ZB,11,WoeRyLnaNlB
1,ZC,11,VbkrJ07nPw0
1,ZD,11,3VeDWLrdPOq
1,ZE,11,RZJlyAONV3G
1,ZF,11,YOAB4aB6d3X
1,ZG,11,8M3lJoxa5qV
1,ZH,11,n4rxedElk8P
1,ZI,11,WYEgnz9qMoQ
1,ZJ,11,94qpzrBz7LA
1,ZK,11,NZ1KjN15DqE
1,ZL,11,yBPzdGEeJxa
1,ZM,11,2KBkAmPgN1G
1,ZN,11,wmAz6By9pq1
1,ZO,11,QMlpKnoRwk2
1,ZP,11,qAL2p7Pw7VE
1,ZQ,11,rGg8qVEjn2Y
1,ZR,11,qgMDadrw8KZ
1,ZS,11,8bQw6q96G1D
1,ZT,11,lKqnygEm9O0
1,ZU,11,qarg5yVOD89
1,ZV,11,ZMB0moBdJVD
1,ZW,11,9yQLxKNpa4K
1,ZX,11,l6mJke5kvYb
1,ZY,11,w1zvZNM5aLq
1,ZZ,11,p5xOkq8gQRW
1,Z0,11,ra5g6nN6E9O
1,Z1,11,AWmpOzpl4Nq
1,Z2,11,qZdjoaWg5lW
1,Z3,11,JqyMDGyjXAd
1,Z4,11,yOv2gVRgRZ0
1,Z5,11,mX9o4AN7Yea
1,Z6,11,vKe9Rgak4xr
1,Z7,11,RMnYxGKxL0E
1,Z8,11,ZbYKgmL0dpO
1,Z9,11,pBPRvdrADd6
1,0a,11,lKbpqJePeOz
1,0b,11,JVRMaL1460b
1,0c,11,ErQRK23Jkx3
1,0d,11,V4Wb8OLaDx3
1,0e,11,nYBlbq31ejX
1,0f,11,0JDOmwXgZ8L
1,0g,11,AV6X7qY7WxE
1,0h,11,YMWdqk4lxV1
1,0i,11,XkL4vNMQ29p
1,0j,11,DZWOga1genX
1,0k,11,7zZwy2X1YbB
1,0l,11,2oGql0Z8kDn
1,0m,11,W5BnpodgrJ7
1,0n,11,b8lPjgKjGde
1,0o,11,QBA6nlrjvVW
1,0p,11,938Y2B5o1Rw
1,0q,11,Z51VGpXGm7r
1,0r,11,QR2YaJApb3E
1,0s,11,0L1qkwEnWp3
1,0t,11,aMvbg1Xqx6e
1,0u,11,zY5gj1VE6Mn
1,0v,11,pay1qQpmDGR
1,0w,11,pAadD2o7eyE
1,0x,11,lPAG6gA5W1Z
1,0y,11,L5Dq9ay9AVe
1,0z,11,9bjqrE3gWpX
1,0A,11,oKyvL6k74Je
1,0B,11,3xg7z9xyGqW
1,0C,11,KWP8BAp4MvL
1,0D,11,2RM1JNbJav0
1,0E,11,zR83QMoBnkL
1,0F,11,1BEqm1pKJ4D
1,0G,11,qLN2bENA8ld
1,0H,11,jY5koLDo8eB
1,0I,11,0B349OPElAp
1,0J,11,0MkBxk7xXGD
1,0K,11,62rYGRlDnRM
1,0L,11,Y8XvnzW0aP6
1,0M,11,29MmlW7lypA
1,0N,11,vn236PYRoXK
1,0O,11,v6Ma1PypQqR
1,0P,11,q7g8kWnpJld
1,0Q,11,zZGVvG1ynaP
1,0R,11,Kj8p0WxPWmd
1,0S,11,Jb4Exr6xZDj
1,0T,11,4RL3znNzaYw
1,0U,11,dYjmZvXN4MO
1,0V,11,B1x8OQWvrK9
1,0W,11,lZyEp4mjn5J
1,0X,11,YGXRgNRgJOV
1,0Y,11,1eQnryKj2vP
1,0Z,11,QBOkjLo0Ezx
1,00,11,1OMxjKMgQne
1,01,11,nOWdlAyl8w4
1,02,11,vBoErgELGwm
1,03,11,pxvqjvynOdr
1,04,11,pydxaXzEYDQ
1,05,11,2XroQvxgK9L
1,06,11,pEZJ7Pr36ql
1,07,11,2van4R1oY9M
1,08,11,2b5Jgajqw4E
1,09,11,ZXbBlAV8qnO
1,1a,11,7eWoaM5a2Ok
1,1b,11,DQga0WQp7G2
1,1c,11,Kk2xjGV6Gz8
1,1d,11,eO1L6k76qVo
1,1e,11,9QJj4eVl3EP
1,1f,11,VJ3Pj30vdAn
1,1g,11,8rxnGMNbjKa
1,1h,11,n8KgV87xdRD
1,1i,11,62ZJbGAeq8G
1,1j,11,VyRAYwp1MwJ
1,1k,11,pdVOQmjnL4l
1,1l,11,PWgLmwyvYDZ
1,1m,11,orDBlwQZeb6
1,1n,11,MpqRr1RzWLd
1,1o,11,ByqkrDPrWzR
1,1p,11,9Vp8QLqn5EL
1,1q,11,VkoPelWbmjd
1,1r,11,dLayBDz8JPQ
1,1s,11,RM16nvmQwWK
1,1t,11,R6ekDY65yxB
1,1u,11,10975rmwLMr
1,1v,11,9lNV8a0LowP
1,1w,11,L8J41b9W0rB
1,1x,11,dLNxP8vaD7X
1,1y,11,jW7g2eVwEXr
1,1z,11,zBVxRPOj2MX
1,1A,11,7YBD0rqJKaR
1,1B,11,YGOXnwgngem
1,1C,11,Aq3wb6KnrOv
1,1D,11,wva9RzZRZlq
1,1E,11,Q4JAml5envZ
1,1F,11,D0VgJ9r48Oe
1,1G,11,g8QBEypjMKe
1,1H,11,nZ5rpXeVm8x
1,1I,11,G8mPZ14ylDJ
1,1J,11,BE3o0KO0lMv
1,1K,11,kB4EQlxQagM
1,1L,11,G4RZweovApy
1,1M,11,rz3Djr8e6gR
1,1N,11,7WLZ4nN4X3O
1,1O,11,1ym6EDBlMGk
1,1P,11,8gRPmnY7NOZ
1,1Q,11,65qmYpwb804
1,1R,11,2K8QBXpBvZO
1,1S,11,0mezQkWQgKL
1,1T,11,mW2DzLNq40j
1,1U,11,lrEPbn2bzv9
1,1V,11,95yPE470VQ2
1,1W,11,2W8Vo4vpYX3
1,1X,11,4R2Dr2amqol
1,1Y,11,ZaRp0bXevmG
1,1Z,11,3aXP2Ww2ZLK
1,10,11,QwYoVDdV8Dv
1,11,11,bNDkpw2jZ3E
1,12,11,pMqQ6YW0YAO
1,13,11,2Nz7bwXQL3d
1,14,11,oQewa1eaLpX
1,15,11,GDqgQm7OLd2
1,16,11,G5bZPqaPgDr
1,17,11,XPkQK1069LE
1,18,11,1QbVAzjAE5R
1,19,11,8Lk7ylkb5Oj
1,2a,11,5jlmeApn94b
1,2b,11,Nm93lAxaPDk
1,2c,11,p1ynwMVzmYG
1,2d,11,609WL87danP
1,2e,11,3x2zlEzv7wo
1,2f,11,b0DLmda3v4z
1,2g,11,EzaM4ljn0V8
1,2h,11,yQKV0gpakYN
1,2i,11,ZmwzAD0A0O3
1,2j,11,5NKbdon0XwO
1,2k,11,PBeRm4xm1nJ
1,2l,11,4vkr5wAxm9z
1,2m,11,VlAjon5zx4Q
1,2n,11,a0wZBaEB4KP
1,2o,11,2P5WrLbKnRy
1,2p,11,1b5lgJK0nxN
1,2q,11,4MGVg4zr1L7
1,2r,11,74QOrKwrnk1
1,2s,11,LNgaQz5eM6n
1,2t,11,bm0dQv4aRNW
1,2u,11,W8Az3WO3n0g
1,2v,11,0L6DmW8qdPK
1,2w,11,mY6bA9zj38o
1,2x,11,0JKegMLpLOq
1,2y,11,b1mNln5eMV8
1,2z,11,wO1zl6ao0yB
1,2A,11,0ZW1oQglBk2
1,2B,11,5l8LdwGdBkq
1,2C,11,40q8wKgwD6R
1,2D,11,or1N80D8P5g
1,2E,11,6aZ1Bq29oNe
1,2F,11,y1974aBz50Z
1,2G,11,MEp6roOrGb7
1,2H,11,3p8Pzd7v4bZ
1,2I,11,4lDqRKDOn0X
1,2J,11,R2VpoQVdYD6
1,2K,11,67ZxRmeRoP2
1,2L,11,wAjzgn7vr0X
1,2M,11,qBW6N46jZ0P
1,2N,11,GEWpKn7dloR
1,2O,11,8mVN1mNo75Z
1,2P,11,8Abz9ay9gqN
1,2Q,11,8EMAXyvlaQZ
1,2R,11,wDgzEKYrplk
1,2S,11,k5wqoqwAjOm
1,2T,11,LQBo3v7yPz2
1,2U,11,YOJ67DbnBvR
1,2V,11,YPkQg31vB5N
1,2W,11,J5E3xOgxqLe
1,2X,11,VYQp0eY0B1q
1,2Y,11,v9bNG10Pkx7
1,2Z,11,l0QaqK9DKGP
1,20,11,6m3lvwOvzKb
1,21,11,9vbD1wJlKR7
1,22,11,aArnNLXNqB2
1,23,11,awO0Ql9v7GK
1,24,11,kE93Pd4Pd1r
1,25,11,dgplYNXPyLG
1,26,11,QvknYgraDEb
1,27,11,yErn9ElJZAW
1,28,11,OJ5DdV2dpYV
1,29,11,rL0Me40eg6G
1,3a,11,W2JebzNbVEX
1,3b,11,G7oY9Jz90qv
1,3c,11,VNvQlK7lxXB
1,3d,11,VQlkDe8Zmoq
1,3e,11,P4QVbgE6XYE
1,3f,11,aKAlGKe04Qj
1,3g,11,6wQAlyOXkmM
1,3h,11,609xE2bEkML
1,3i,11,d0nybOWbwa3
1,3j,11,0bGro1EoAxd
1,3k,11,aGyB6rAp37A
1,3l,11,jPaOd0NG75q
1,3m,11,5Ra19QwyvDB
1,3n,11,AaQDNDWlgk8
1,3o,11,v0mzbkWbAqJ
1,3p,11,N4rbAKRDW9X
1,3q,11,OmaxnwDe8R1
1,3r,11,za3VrZMpmj0
1,3s,11,Pd5zG2OjbY6
1,3t,11,prq0lLjBeAD
1,3u,11,rNl2jnx1WR7
1,3v,11,YwkVgrZgz54
1,3w,11,nqdPGlRpEvz
1,3x,11,aV2vJ9RPGpn
1,3y,11,O3VPbnxjeaN
1,3z,11,9alBAWbdMXJ
1,3A,11,4kAZpK16Y9r
1,3B,11,5gpqQYqQ7ZR
1,3C,11,KX7VewgeMOw
1,3D,11,meExl8Y7pwA
1,3E,11,nyqj61jX9oR
1,3F,11,xNR7ZVlke4X
1,3G,11,bjq4lw9rRPw
1,3H,11,m51V79q7kLe
1,3I,11,NYmnKQ8gkDV
1,3J,11,laNnz15zJVo
1,3K,11,a70jvn3bxeo
1,3L,11,6EXm0npkgRr
1,3M,11,ExQNAp21G3a
1,3N,11,bOD1WrL40k3
1,3O,11,MvDeAGQW86a
1,3P,11,o0NKgLYp54W
1,3Q,11,7Ddmwr2wOv3
1,3R,11,JQedvpjzDA5
1,3S,11,yMqdnrXl0gA
1,3T,11,OVQ20GYkevN
1,3U,11,Opn83eGZX91
1,3V,11,knJv1gndpW5
1,3W,11,bzaZe18dLWD
1,3X,11,pZkRKDR8x21
1,3Y,11,AwOKlZaQgL7
1,3Z,11,W7q6kOL9YxX
1,30,11,jR43XElGQON
1,31,11,OvqZnLGQW1G
1,32,11,PKoANxeQlW0
1,33,11,mzA9bGxpo3R
1,34,11,Enj80JEWmbR
1,35,11,AgkmQbxeqBO
1,36,11,YxkanNm5mZV
1,37,11,bBNvwlnGA37
1,38,11,npxX1MlZWAM
1,39,11,xAKLnqv60NO
1,4a,11,gvZM1PL15or
1,4b,11,l3YZjK1bdzy
1,4c,11,20m7jZJjLOW
1,4d,11,5GA9alyerNb
1,4e,11,2ORY067xKbe
1,4f,11,2vr1mEAmKqn
1,4g,11,Pj0gRxwkmzX
1,4h,11,wyp4dvRdQZ9
1,4i,11,9JNAjm5j8VK
1,4j,11,r39jRv0qomg
1,4k,11,zLNxRrDwyAv
1,4l,11,oj3wdgrzlZb
1,4m,11,J6RDGKkGYVv
1,4n,11,G8pRmERd9nl
1,4o,11,pagPeP51NRm
1,4p,11,l9VXgVBgyQ8
1,4q,11,9da2zBLWYKp
1,4r,11,ve7agLWdK9J
1,4s,11,mED1KWXN5Rw
1,4t,11,bJBGm6Qp5zD
1,4u,11,nlgPz4Km8rw
1,4v,11,7dZ3km1krEP
1,4w,11,kl37LD8LGVQ
1,4x,11,Vx2WEL6agwM
1,4y,11,j8Dr2RB2aAR
1,4z,11,K8nagkL2o5D
1,4A,11,9mq1Bl6Ko28
1,4B,11,ow4KjGJMBgJ
1,4C,11,ERgk8AXPwvr
1,4D,11,Aeqwkgql2jM
1,4E,11,xeY79J0RNLM
1,4F,11,zqQ3dK9JnZp
1,4G,11,kxQ1rB1bM0o
1,4H,11,ozBVW0VarG3
1,4I,11,RnPod7MejzX
1,4J,11,v73EbaEb0JG
1,4K,11,5KaVl13QydM
1,4L,11,BNRLadjpAnl
1,4M,11,PwJ5Qpe1WO0
1,4N,11,aqY7Ggd6XRj
1,4O,11,LwGjkxGR4pE
1,4P,11,D7xJgQqg4B8
1,4Q,11,eV1azYvrMEW
1,4R,11,3berLq4ajvl
1,4S,11,zynkRwxmY4x
1,4T,11,O4kW9PWNKx6
1,4U,11,Y9za0waRrPb
1,4V,11,NrmLjZnj9y3
1,4W,11,G9XzRwgR31n
1,4X,11,Y2ODeQnlPok
1,4Y,11,dwjx9qomELb
1,4Z,11,o2pKNLZWbgm
1,40,11,zjDxLEzaX9v
1,41,11,OYKl8ae82vB
1,42,11,kwdVzKwzyo9
1,43,11,ogpj4dVm8vL
1,44,11,925GQ1vgdDr
1,45,11,Krlom2OG4zZ
1,46,11,KBajdWYk240
1,47,11,PRmze5JLDnv
1,48,11,MZGLap9gWJm
1,49,11,lBLVyPn9EWb
1,5a,11,gJ5QnpVlRdK
1,5b,11,EPD2QJqvV4B
1,5c,11,N7vgdlPdrzp
1,5d,11,g2vzDwkD7dl
1,5e,11,LW0OGna4l5w
1,5f,11,3b6Wd0LdXl1
1,5g,11,3RbagyYgo2L
1,5h,11,PorqQ5r8mwY
1,5i,11,l3zvKvpj8bo
1,5j,11,egNqA7WAPdJ
1,5k,11,ZN3pybleoDm
1,5l,11,7WpvR7ex0Qb
1,5m,11,ylOrny1n7Kz
1,5n,11,0m7Qxpr6eA8
1,5o,11,3jd9ZKPvK4Y
1,5p,11,JmZ6WnbWGMe
1,5q,11,4Q3l9V69xEm
1,5r,11,kxzojMXR87N
1,5s,11,4WO5eo3eamP
1,5t,11,0nK5JyDE21l
1,5u,11,6QBljKMepxr
1,5v,11,bGXLBkr41z7
1,5w,11,8gld4egDenQ
1,5x,11,zMEJAWnyKle
1,5y,11,1AExeKXp3mQ
1,5z,11,156rPRrPwj4
1,5A,11,JQdobGde1Ng
1,5B,11,woaVAn89NqK
1,5C,11,L0QaGnDkry7
1,5D,11,Ay5VWJ3olmY
1,5E,11,wO27aZx4306
1,5F,11,nwE6Wxj0eKd
1,5G,11,EPY74D3bkoL
1,5H,11,n2AZ1bd6BMm
1,5I,11,P8qXekJpQzl
1,5J,11,P53Lg3OgRYA
1,5K,11,9nzajr8ElLe
1,5L,11,pL7YgKBw3OK
1,5M,11,EMbWAb0eRvr
1,5N,11,7gdnp63BqWV
1,5O,11,0RvGneGjBoZ
1,5P,11,KVXG9YOlEZn
1,5Q,11,DjMlbO3bowJ
1,5R,11,Jz9vMwEaQmL
1,5S,11,YMmRepJlDX1
1,5T,11,V9KMAwqZjON
1,5U,11,MWj7lwPpJ6G
1,5V,11,NpZmLWmyRO1
1,5W,11,oa6bdlxdMGw
1,5X,11,9Xbpxk536Vv
1,5Y,11,e2xkA6VAv7B
1,5Z,11,xJvmL2rL07w
1,50,11,B9jV8veRZPK
1,51,11,gr6VjK5a0em
1,52,11,gW3wkEakGoN
1,53,11,P91qkvrkg5M
1,54,11,wRJ0a5DrMEn
1,55,11,WLN8pwWpk5D
1,56,11,jqxXWGra31l
1,57,11,ezgNkp8kjqV
1,58,11,lnVE1Oq3Rmk
1,59,11,7ZvGnbznQEL
1,6a,11,Rka3x3kx4Gv
1,6b,11,ZYD3dNLo62y
1,6c,11,XlZgeLBAqJ6
1,6d,11,6WeKR9QR0D2
1,6e,11,JG3qZ7Lg4Wl
1,6f,11,ED5PyzpWxVX
1,6g,11,waqlkPYe0op
1,6h,11,yGLQwQO6PzO
1,6i,11,wvRyAWvGX9z
1,6j,11,l873PmAPp4Y
1,6k,11,35XZjZQEONB
1,6l,11,9bMYmNqg8OG
1,6m,11,dY41BW4Vg7e
1,6n,11,NR98jnLmAB5
1,6o,11,EJLA0pq3Bar
1,6p,11,qY41kBNkr0p
1,6q,11,qAM4Dy2O8yE
1,6r,11,bnl2XJOdrKB
1,6s,11,JMAvE9w14y6
1,6t,11,zD4mdBJdpXl
1,6u,11,0AdNxQAxq6y
1,6v,11,MxaRLV5gDA7
1,6w,11,gA5exb49l1b
1,6x,11,vK6PZdEoGl5
1,6y,11,QdGN1xP1xkn
1,6z,11,olkXxgLaEN1
1,6A,11,OZoajnKmWyq
1,6B,11,jLB6kmykw5W
1,6C,11,VDAj6Kk67Yn
1,6D,11,3PqGkoYgbKn
1,6E,11,BRlwGJK7AQ2
1,6F,11,9EJRadvWvme
1,6G,11,dPoR6Joj0A1
1,6H,11,k68zdgOdYxn
1,6I,11,ePWEGNjGzyV
1,6J,11,ZvnRgoROk6p
1,6K,11,jXA8g3LnYxM
1,6L,11,zJlEoe7Rqw3
1,6M,11,k4WJoXW7y9Q
1,6N,11,2ZJPmx3dKMg
1,6O,11,YNp3Z4lZbov
1,6P,11,v2Vmj2Pa5oA
1,6Q,11,G5dwj41rbVW
1,6R,11,bV1BQqOrL9Y
1,6S,11,rNYmbmko3V4
1,6T,11,4LWpg1oBy3z
1,6U,11,m35JXNdoMwv
1,6V,11,DJxMgkPalOn
1,6W,11,zDm96xd65YE
1,6X,11,6nxrALdABaJ
1,6Y,11,XJbG3X1jOoN
1,6Z,11,p6zqgdJRle7
1,60,11,mQ9DdW94MR1
1,61,11,zY5N39nOQ4D
1,62,11,GOXLz6JzY4w
1,63,11,AOvjEqyE6Nr
1,64,11,P9gxkBG5BDy
1,65,11,XB6qLB3xDpG
1,66,11,ZxAP8ya8a0V
1,67,11,pvN7WEwOPAa
1,68,11,rM4Dok1gNY9
1,69,11,3ERAd7ym4Xb
1,7a,11,d7Kz4yVnjQ1
1,7b,11,DbeK80KRa9V
1,7c,11,6y7MboewrVQ
1,7d,11,rAkl0AM0aEW
1,7e,11,3ApQM6xlkRE
1,7f,11,vR35JGB1zr2
1,7g,11,6A4wve5vNBG
1,7h,11,prJ5ROkR620
1,7i,11,AJwZeyvj49V
1,7j,11,9rEz2ypWqAJ
1,7k,11,d9PnjnBjgrO
1,7l,11,LkzyvMwB3xD
1,7m,11,YGd0ZX2b7a5
1,7n,11,DV7XLZA532P
1,7o,11,nvzMGboj7L9
1,7p,11,LB8WNRZNAwm
1,7q,11,MvZ4Ae21gR6
1,7r,11,9zKLZyMZJ8x
1,7s,11,4GvNqa7lYE0
1,7t,11,arDAgLMoW25
1,7u,11,YR4wlKwlpGe
1,7v,11,0lrgwzNwNMa
1,7w,11,AG8XbgDem3a
1,7x,11,KxWA3Rn3y8V
1,7y,11,vBwYewZjzDJ
1,7z,11,GpNbv57A75Y
1,7A,11,LBY6Oo1GV3j
1,7B,11,xmKGd456LJp
1,7C,11,do1yeG1qDMX
1,7D,11,ELG0dBXK4ye
1,7E,11,L5J2lryArVQ
1,7F,11,MQJEmG0P3vB
1,7G,11,PmkenbXrJ9V
1,7H,11,D8wVEdDE9j1
1,7I,11,aWeD6yKO27N
1,7J,11,6lv4z7rmyZM
1,7K,11,gr8VdDrnLRj
1,7L,11,lpVDRvrRZmA
1,7M,11,WKd4rG2gwXD
1,7N,11,rkbZ4LZQJ5Y
1,7O,11,WlbKMlJrYeg
1,7P,11,LEnN0KNVlej
1,7Q,11,aBy35bkjR0X
1,7R,11,83Vn5o0q7w9
1,7S,11,3L2YbK6dQVW
1,7T,11,OjL4mK2Erda
1,7U,11,lBEWnyo6edx
1,7V,11,G2W61WrdrKl
1,7W,11,okezjXm6nZg
1,7X,11,kx2a327gYZ1
1,7Y,11,AZKaMwBjp5W
1,7Z,11,3pBrYv6YM4A
1,70,11,2zp5P7e108q
1,71,11,AaQwewvGDqP
1,72,11,GN5bv2QOrzK
1,73,11,BOvkorjo0mW
1,74,11,4xwzO9KgrQY
1,75,11,5dNOg6zgLPV
1,76,11,4E35joYmQaY
1,77,11,ZdgxwDLwBv2
1,78,11,1y95dbe7bwY
1,79,11,O1KQpmwb8B7
1,8a,11,rMNbGK0Ze2m
1,8b,11,lDNBgWpO7ze
1,8c,11,BnjPlQDZ5LK
1,8d,11,pYWMLQyLbe1
1,8e,11,BLoz3lWxyRn
1,8f,11,AL0eXnmWDka
1,8g,11,mVJ4OnGDgkv
1,8h,11,zxPagq8yj41
1,8i,11,69b0rW537lA
1,8j,11,pvjGa0Nb69J
1,8k,11,LDwRV63xO0d
1,8l,11,zLx9anodO07
1,8m,11,9BboLZXge3k
1,8n,11,GNjQAkz2ZLD
1,8o,11,bLVdDRrDpa4
1,8p,11,xeqQkDZAPVp
1,8q,11,DEW3oE5oyn1
1,8r,11,d2PWpd25Z6o
1,8s,11,WqjzbvyN5xm
1,8t,11,Rj56EKwElMP
1,8u,11,zYx4qR5DXEP
1,8v,11,0J79gmYgD2V
1,8w,11,NZvAp7WpjRP
1,8x,11,JynKgyAgLek
1,8y,11,ev20qLo6JNk
1,8z,11,wr6xAaJWyNe
1,8A,11,Y81mrZzreZz
1,8B,11,dzE0vGQkBZ9
1,8C,11,LG6p91NnJvY
1,8D,11,ZDx8yP8yjOe
1,8E,11,7L5gyR9x6pW
1,8F,11,BJELne8mOze
1,8G,11,vEOVyxbNnaw
1,8H,11,YOEKpV7dwZ5
1,8I,11,O0jLdwLn4gp
1,8J,11,D4zWLBAbdOr
1,8K,11,Nj1wROrEMV4
1,8L,11,ZzylNWgNOL9
1,8M,11,W9xkNrnNaMK
1,8N,11,8zD5omDgBnb
1,8O,11,9qkvx0ZpBAw
1,8P,11,eYD7l5Gqm4z
1,8Q,11,o3EL4OV0kPQ
1,8R,11,dmr4gq4yYV8
1,8S,11,ewl7KvpNyQg
1,8T,11,8BVqgy3mXeE
1,8U,11,bwmRnZbnWBr
1,8V,11,JmzGVrdaNLj
1,8W,11,Bl1xOwBq0QJ
1,8X,11,k3YwlmbZPq8
1,8Y,11,l8aJQAKmdLR
1,8Z,11,25y9d3va1Np
1,80,11,Oay0n2kdMRe
1,81,11,PgBG2xk5dr8
1,82,11,8JajbMAbGX9
1,83,11,daRzW4lWwAr
1,84,11,BpPRkXDkXm6
1,85,11,YG9RZWv7PyO
1,86,11,Rm3pDmPgLJ9
1,87,11,ON8lkE0aDbG
1,88,11,OLNgZglEraV
1,89,11,5Prx2QY2qKX
1,9a,11,AJNG1e3jnqB
1,9b,11,DrVOxLlxPWj
1,9c,11,ZDKlWpVy4Ez
1,9d,11,pKd8Vz4lYyw
1,9e,11,ELyBbGgbWaG
1,9f,11,O2JKpOmjb8V
1,9g,11,eodmbnwlKVB
1,9h,11,LqGeN6qW7EB
1,9i,11,PKdkeApn9EV
1,9j,11,KB6JRkmzvoP
1,9k,11,Wa6xjXWbvQw
1,9l,11,50GkQWn28W7
1,9m,11,NZ9OyGEj8XQ
1,9n,11,xaJ9YDWvgQO
1,9o,11,2OK4jl4jq0x
1,9p,11,oZVdL53Qr9A
1,9q,11,AgOWroqp9GM
1,9r,11,3pq15MNrvlZ
1,9s,11,k6N4M4yZV35
1,9t,11,Mmx60wZD2OA
1,9u,11,v60GmlVn7AZ
1,9v,11,0opE4oYKLB8
1,9w,11,2yBklGbnM98
1,9x,11,Oxa9qR3LbY6
1,9y,11,r8DEnpjb9xv
1,9z,11,MweqQrakN9o
1,9A,11,EGYAobDeNrk
1,9B,11,8VeMavVaAzd
1,9C,11,eGX3PpqAmdx
1,9D,11,Xdzgm7KmVnD
1,9E,11,B9M4m0Zjgx3
1,9F,11,GzJj10rO78X
1,9G,11,QRpAjr1o47G
1,9H,11,W9qX0wQvYwg
1,9I,11,ArBEnrDyNKW
1,9J,11,zZBkx3vqDK2
1,9K,11,kmWzVbKrDqj
1,9L,11,ZY1wq9bGQaD
1,9M,11,ZemYVednyKb
1,9N,11,8P261zmyr0X
1,9O,11,3w8KbzdnRVO
1,9P,11,7RmW4xVZPBn
1,9Q,11,OBklAyjZ1NE
1,9R,11,x6rZqKWqO47
1,9S,11,dWYormv6eO0
1,9T,11,angYrDakypM
1,9U,11,DvZ1ew6j6pV
1,9V,11,o5w4xy8mWgq
1,9W,11,3O0bn2oyz1x
1,9X,11,OG1lzLwmZ9P
1,9Y,11,Q8RrwYnK0VW
1,9Z,11,3bxoeqgGpaO
1,90,11,VDlGv6GYa4m
1,91,11,y1aoMawekP7
1,92,11,DOxGyN9LRKm
1,93,11,1ZgEGZvGQqk
1,94,11,zBE6We1WRrl
1,95,11,PqZoelNjNxM
1,96,11,GPpmkG5Wa7B
1,97,11,P7z3My3rV6b
1,98,11,axr4oxDonRO
1,99,11,7qjebOjl6wO
