Plaintext,Salt,Minimum Hash Length,Generated Hash
1,a,10,zBJgRDv3PK
1,b,10,WM6epYXdKv
1,c,10,5GkZ0EjYzV
1,d,10,6jXG6qkMJY
1,e,10,D7YeGMkajQ
1,f,10,rkdOnyjna0
1,g,10,E1amd6kVbN
1,h,10,Qerob3jbm0
1,i,10,xaqrvmg5YE
1,j,10,x8gOkJQ6Rl
1,k,10,52XrwYbpjG
1,l,10,n6Y4Ae4Wly
1,m,10,4VmAKR8Dro
1,n,10,J34elZgv1a
1,o,10,WDpdgLGNM2
1,p,10,xm0kebQ7Vq
1,q,10,NKgknqzJGL
1,r,10,vOGKbwjYdP
1,s,10,x9JgqK6emq
1,t,10,olxKQMKjDe
1,u,10,40BpGPKP5X
1,v,10,VZkOqXm3qL
1,w,10,bQwgoaK1YL
1,x,10,xEadpJrLqo
1,y,10,Y5Wdw8owAZ
1,z,10,9Bv6Kql7Vy
1,A,10,DN214zdEjn
1,B,10,QK28r1ODZV
1,C,10,5XJGKXndR1
1,D,10,Wk7bkDel5N
1,E,10,NWGQo61a3E
1,F,10,DWqODWGekr
1,G,10,W0nJKvBe8E
1,H,10,BKybwyOrxW
1,I,10,lB4OpVxb1g
1,J,10,8OvyKqGY91
1,K,10,7XWov4gNwy
1,L,10,0wnd0we4g7
1,M,10,aYXkovnxml
1,N,10,9P8bo3bl2o
1,O,10,10xdkLmnbr
1,P,10,nWv0rde8Ng
1,Q,10,O8VdGzXZDy
1,R,10,BR0ypvwdoL
1,S,10,RLBzwYEJea
1,T,10,k3ErbyZY1K
1,U,10,5PwAn0mdzp
1,V,10,BXKpoGp0wJ
1,W,10,Rvz4n8gpy2
1,X,10,l5YkMLjNVE
1,Y,10,ORlgmYgaZW
1,Z,10,7vOrqYr1Xy
1,0,10,Y4MboQp7Nw
1,1,10,P34dkLrvbD
1,2,10,XE3el8ez6m
1,3,10,Rm8pgR7oyD
1,4,10,7PDQeBn4lX
1,5,10,5apewbkJPq
1,6,10,0v4m6lgEAl
1,7,10,PaxLmbkmD7
1,8,10,RyKroWr30a
1,9,10,qrYdkmgn2R
