Plaintext,Salt,Minimum Hash Length,Generated Hash
1,a,11,kzBJgRDv3PK
1,b,11,DWM6epYXdKv
1,c,11,m5GkZ0EjYzV
1,d,11,Z6jXG6qkMJY
1,e,11,mD7YeGMkajQ
1,f,11,yrkdOnyjna0
1,g,11,eE1amd6kVbN
1,h,11,EQerob3jbm0
1,i,11,Dxaqrvmg5YE
1,j,11,Yx8gOkJQ6Rl
1,k,11,V52XrwYbpjG
1,l,11,vn6Y4Ae4Wly
1,m,11,g4VmAKR8Dro
1,n,11,wJ34elZgv1a
1,o,11,YWDpdgLGNM2
1,p,11,Xxm0kebQ7Vq
1,q,11,8NKgknqzJGL
1,r,11,qvOGKbwjYdP
1,s,11,bx9JgqK6emq
1,t,11,EolxKQMKjDe
1,u,11,v40BpGPKP5X
1,v,11,YVZkOqXm3qL
1,w,11,NbQwgoaK1YL
1,x,11,7xEadpJrLqo
1,y,11,VY5Wdw8owAZ
1,z,11,z9Bv6Kql7Vy
1,A,11,ADN214zdEjn
1,B,11,PQK28r1ODZV
1,C,11,j5XJGKXndR1
1,D,11,QWk7bkDel5N
1,E,11,vNWGQo61a3E
1,F,11,gDWqODWGekr
1,G,11,5W0nJKvBe8E
1,H,11,DBKybwyOrxW
1,I,11,dlB4OpVxb1g
1,J,11,q8OvyKqGY91
1,K,11,Y7XWov4gNwy
1,L,11,P0wnd0we4g7
1,M,11,RaYXkovnxml
1,N,11,39P8bo3bl2o
1,O,11,v10xdkLmnbr
1,P,11,BnWv0rde8Ng
1,Q,11,WO8VdGzXZDy
1,R,11,rBR0ypvwdoL
1,S,11,ARLBzwYEJea
1,T,11,Xk3ErbyZY1K
1,U,11,35PwAn0mdzp
1,V,11,1BXKpoGp0wJ
1,W,11,YRvz4n8gpy2
1,X,11,nl5YkMLjNVE
1,Y,11,nORlgmYgaZW
1,Z,11,P7vOrqYr1Xy
1,0,11,OY4MboQp7Nw
1,1,11,1P34dkLrvbD
1,2,11,lXE3el8ez6m
1,3,11,ARm8pgR7oyD
1,4,11,17PDQeBn4lX
1,5,11,O5apewbkJPq
1,6,11,z0v4m6lgEAl
1,7,11,8PaxLmbkmD7
1,8,11,GRyKroWr30a
1,9,11,LqrYdkmgn2R
