Plaintext,Salt,Minimum Hash Length,Generated Hash
1,aa,10,Jk2DAGjmgd
1,ab,10,OoKN3PZ8nJ
1,ac,10,J1BbOgbVZz
1,ad,10,8ldqmyq0MP
1,ae,10,dnMbw4rAy7
1,af,10,eAaBKjv7bq
1,ag,10,YoBeKDrbX6
1,ah,10,aQlMpgb7pm
1,ai,10,OoAnrJnDEK
1,aj,10,yWm60ZMpRq
1,ak,10,2akyegbVvL
1,al,10,lkKE0Vzq0j
1,am,10,xwdyGrbN35
1,an,10,k2VdRe104N
1,ao,10,OXGjdpj8WB
1,ap,10,WGx8wrMmYj
1,aq,10,6LkboKb1Yx
1,ar,10,qvpxQG6nkR
1,as,10,q9gjnDpOkX
1,at,10,p4OLNK9wYZ
1,au,10,06PXpvamVW
1,av,10,mWPJB1VQ21
1,aw,10,jM7oAqoJKB
1,ax,10,MexZ3dvpWN
1,ay,10,L3QM5yMK4E
1,az,10,4JQzqQzZqE
1,aA,10,GX8nKVlrJy
1,aB,10,LGMjd0jrN7
1,aC,10,7vdqekZ5P0
1,aD,10,jQnNogNbr0
1,aE,10,nYqZlqpP62
1,aF,10,MpmaExWb8V
1,aG,10,gOolnE9rQK
1,aH,10,k8XaN6aer3
1,aI,10,9zYjpwygKG
1,aJ,10,GW3RL3Oq4e
1,aK,10,l2EWlNnD1o
1,aL,10,vAkj0LjrMw
1,aM,10,mKZleLG904
1,aN,10,oNOG0n5AXK
1,aO,10,X4VpAqpo0L
1,aP,10,wrgn6AEoza
1,aQ,10,d0vrA9ra5L
1,aR,10,Rm8BZjBogA
1,aS,10,Ygabw3b7Qw
1,aT,10,pdEy8LygNb
1,aU,10,DJNew1yX0x
1,aV,10,gR6q8v4wpK
1,aW,10,NKqjyXdrBM
1,aX,10,98ODBgGMlv
1,aY,10,5bR6OPemrW
1,aZ,10,dJgBMABewW
1,a0,10,JYQqNdGelD
1,a1,10,KYWA8dAQ5p
1,a2,10,6oa5b1zZbm
1,a3,10,QGzAdzrOn3
1,a4,10,mE10l1B54X
1,a5,10,wy1powp39Z
1,a6,10,53WdD6r4Kk
1,a7,10,mkb08KeKDA
1,a8,10,JVA8wZmbE4
1,a9,10,EZ6bwvQND0
1,ba,10,k4YqRd3NR5
1,bb,10,JQ0LMnW6yR
1,bc,10,21V3RyGLMq
1,bd,10,nG3Zw8BrRl
1,be,10,xgQbqjAE0o
1,bf,10,8nDgLEjwMY
1,bg,10,LdK736PqQw
1,bh,10,vxojkPaMzN
1,bi,10,ePMjZgRgEW
1,bj,10,r1Ezamz3eY
1,bk,10,wV2yEz6MQ0
1,bl,10,DXPlALpmbw
1,bm,10,1e8bn6bzja
1,bn,10,Vb5jgKjEve
1,bo,10,Z9MEv86v0d
1,bp,10,9REX0ZgAq1
1,bq,10,Znrg4MWvyP
1,br,10,Bg9kED52AR
1,bs,10,q8vo9rbxXl
1,bt,10,Wm7GYvdbqM
1,bu,10,9wVM4gQB17
1,bv,10,DV8gyLanMB
1,bw,10,05YBJeDRLl
1,bx,10,yGrBg7BmpL
1,by,10,V17waYwkNl
1,bz,10,bNr2OK2vp5
1,bA,10,g10wgpEdk2
1,bB,10,W2ojnDq5mX
1,bC,10,GQ2k2OxPYV
1,bD,10,N0XOv6OaMl
1,bE,10,3bljLPjexN
1,bF,10,W2Lk9nYzyj
1,bG,10,qyzraZAv2V
1,bH,10,V0MXvD5l2m
1,bI,10,jlr5KEM6Zd
1,bJ,10,owXA1DK6Eg
1,bK,10,09DkYMkmxG
1,bL,10,wMYLazgl2G
1,bM,10,yXY9yXgNbn
1,bN,10,2angdnNM8V
1,bO,10,9O5Zo9km1M
1,bP,10,pZN9lbdVmv
1,bQ,10,eg6ZKGZ7DV
1,bR,10,1K4LwWLvM2
1,bS,10,DE1WwqlPRN
1,bT,10,P1Eyo14bDX
1,bU,10,20kNwxX4gJ
1,bV,10,jkLbakgGvQ
1,bW,10,g0onX3EyrV
1,bX,10,3WqZz9wO6D
1,bY,10,5xV9EzMP4D
1,bZ,10,JYqdgNaMQg
1,b0,10,kae8Nb8NYz
1,b1,10,13mx7mMYwy
1,b2,10,1v5LgpXD38
1,b3,10,8ogQ3aGqzP
1,b4,10,1NbaPeow3m
1,b5,10,2p4Q207JDg
1,b6,10,epv0oXgJxP
1,b7,10,pqzRxGkNDx
1,b8,10,mk3ZyEZzQE
1,b9,10,95VN6lPqJ3
1,ca,10,p5aewmLmdN
1,cb,10,vm3rkOrp2w
1,cc,10,LZNjK7jxp3
1,cd,10,oMJzvW9Qgx
1,ce,10,M8R4MobWxP
1,cf,10,yJlQ51QpPr
1,cg,10,Wjxp4an6D2
1,ch,10,MQRK9XgdeL
1,ci,10,O5Nl7brPQq
1,cj,10,Npa7KMzLyl
1,ck,10,gJm0nxe2Yy
1,cl,10,dPv5nEVmyj
1,cm,10,DGZjnRjvr4
1,cn,10,ejQgKkgMyX
1,co,10,lEdrDKbaDo
1,cp,10,3OpkXpkEg1
1,cq,10,Vx5nylQrKe
1,cr,10,ovD7LYzjk9
1,cs,10,v5leG7eop3
1,ct,10,ngxV4LVXrJ
1,cu,10,91xGm7bn6E
1,cv,10,rqMg2ozOm6
1,cw,10,wXgel7jJVD
1,cx,10,gWyJ0Qk8oO
1,cy,10,0dkQOxG5jY
1,cz,10,b5DL9n0ZWk
1,cA,10,G7Xlmjpdaw
1,cB,10,K0GWNGkJlp
1,cC,10,LMoApWey62
1,cD,10,BmlR96V95y
1,cE,10,NvWObYedzQ
1,cF,10,aeEAJeQxPZ
1,cG,10,KwkWeB1vJr
1,cH,10,WBrM4KRQwb
1,cI,10,wX3nZODlJL
1,cJ,10,6nzPJXep0a
1,cK,10,o0DVr8jaAY
1,cL,10,03Q5eLkAyq
1,cM,10,4pWlwADvoY
1,cN,10,PRW7pgrlE9
1,cO,10,mW9jZ2jrkN
1,cP,10,QvPxOpr2bE
1,cQ,10,b7GAwqj8Kw
1,cR,10,6QPL81Oweq
1,cS,10,k8Dlz6l2gr
1,cT,10,rEJ89e8zxj
1,cU,10,MAqeKMwRgG
1,cV,10,qePApxAvlo
1,cW,10,Z8obGRlNGz
1,cX,10,JlRbVxzvWA
1,cY,10,aPzErWV4JD
1,cZ,10,Oyqxm25n34
1,c0,10,0mB3623vGQ
1,c1,10,OMVGlQaRPb
1,c2,10,ny490rpgj3
1,c3,10,5RVbwmOA16
1,c4,10,75rkLAabj0
1,c5,10,JGqln5wE3n
1,c6,10,b20xqdvdYw
1,c7,10,bJVj8ZAyov
1,c8,10,Aw7xr8vVJY
1,c9,10,GxdARMwKLR
1,da,10,VNlWY1W6p3
1,db,10,pY3v6krbZn
1,dc,10,agZrJ9ydb0
1,dd,10,6ozk8XkGdm
1,de,10,QbkEQb29BJ
1,df,10,Lzr9NYv1p5
1,dg,10,yl6JelRGWY
1,dh,10,DWl8gLZwOx
1,di,10,rjv0J564An
1,dj,10,qMoaL3dl7J
1,dk,10,jQ4pYPyYJr
1,dl,10,jW7Q1gdNOL
1,dm,10,1JvDVWQ47A
1,dn,10,MkbZvMXyrx
1,do,10,52KEn2EdV3
1,dp,10,4vZg619zdn
1,dq,10,8Oo9G1W4np
1,dr,10,pnlZBOdP7w
1,ds,10,82q9Z1eLKO
1,dt,10,lNDyoLa1V6
1,du,10,V6jNAzGlKa
1,dv,10,kjxnmlawRB
1,dw,10,nZEORgpWq9
1,dx,10,R4zgyxexD2
1,dy,10,a4e0BdgmOv
1,dz,10,DPzxz3gBqv
1,dA,10,PjBglmRXao
1,dB,10,0RxdOLy3Dk
1,dC,10,Yr9VKDJydR
1,dD,10,Za95L94vMX
1,dE,10,V9Kp7DlXYk
1,dF,10,Er20azLdGg
1,dG,10,xXVjEXvMB2
1,dH,10,agkxdoWjXO
1,dI,10,1WJB6qZ6L7
1,dJ,10,3J1lgklPOr
1,dK,10,9JWEmYEGNp
1,dL,10,lXME37ENLv
1,dM,10,3nqQ8AoW1y
1,dN,10,PoqOxw85Gw
1,dO,10,58me1W6wMr
1,dP,10,Eo5ga9gVpn
1,dQ,10,KNYz1xvL6w
1,dR,10,NlwyK8A81q
1,dS,10,qep3Rlw5VY
1,dT,10,Jqd4gw4Vgo
1,dU,10,DjQOz701dB
1,dV,10,AZJgolnaVX
1,dW,10,43QZQ0WaLd
1,dX,10,lYbdwAkvXz
1,dY,10,gavmWJER98
1,dZ,10,nQVdOV91zq
1,d0,10,O72jlnaEyR
1,d1,10,PqVr95rnlx
1,d2,10,l2V9ZdzkWy
1,d3,10,k8Rj9ej7OD
1,d4,10,NwLg6LGDzM
1,d5,10,qRXoQbw7E2
1,d6,10,Ywg9ZLjVXn
1,d7,10,6MZROElbjL
1,d8,10,KepgmKkxrZ
1,d9,10,E8Ze8Xe6xk
1,ea,10,nkJewrbxAL
1,eb,10,Z6K9bwgvnX
1,ec,10,nM8jpJDXZd
1,ed,10,NE5n2xkrbo
1,ee,10,dX8bG5r4xQ
1,ef,10,3ky5nb50vn
1,eg,10,MEAlnblq3G
1,eh,10,1oeGJy0Wax
1,ei,10,ekXGl3bnBJ
1,ej,10,EkyoYlQbJG
1,ek,10,2BEpE2dvO9
1,el,10,R7a4Ywy1J5
1,em,10,o6EbnKyNwG
1,en,10,08G3qE3vzk
1,eo,10,Zk690NjnRW
1,ep,10,oa7Z61mBDr
1,eq,10,KXAgb7rRVG
1,er,10,QzANRarYMZ
1,es,10,rD5jK7jJy4
1,et,10,KpDdrbd9Wz
1,eu,10,1j0l2aeGym
1,ev,10,PyqnRVnxjE
1,ew,10,VlR4w34GLe
1,ex,10,E3PkQN8yBJ
1,ey,10,oQb2NQ9kDN
1,ez,10,AqagkE9VGl
1,eA,10,JWglKgl8Zm
1,eB,10,A3zdLrYrWQ
1,eC,10,Pvqpwopojz
1,eD,10,on0k93VYg9
1,eE,10,WjRn5vAJEp
1,eF,10,Pw0Mxm5jdD
1,eG,10,nkXbgWbpQd
1,eH,10,PVyO48OxdN
1,eI,10,D25OpqnB34
1,eJ,10,8W4RLY0EX6
1,eK,10,dN4GXBAEjv
1,eL,10,XVpzlbm73R
1,eM,10,PA4Z92rg8V
1,eN,10,7a6rqMrmyd
1,eO,10,LdoAL0AzvK
1,eP,10,G4Ppq3xoW6
1,eQ,10,DOybOljX34
1,eR,10,BJQy82Wd64
1,eS,10,oEpwKjrA35
1,eT,10,GXV4X84zWD
1,eU,10,9YM6exg21e
1,eV,10,VvKApKZ30w
1,eW,10,AmM5lnk76q
1,eX,10,LKa0Pg639n
1,eY,10,Vmxp4lpoPM
1,eZ,10,VY9n3onale
1,e0,10,Y4RXDgApGN
1,e1,10,aOy6krpwPQ
1,e2,10,lXvMxEkarL
1,e3,10,mBLlkOl8gy
1,e4,10,1NoqVNq7eX
1,e5,10,vqawbPGXAW
1,e6,10,wrdM08ME1l
1,e7,10,72NyeKj0Lg
1,e8,10,AMKdZ0Gp71
1,e9,10,PXayVGAow8
1,fa,10,QWzZe7pr32
1,fb,10,zgralJVyPw
1,fc,10,lNoLmbWAgZ
1,fd,10,Koqe9Kvw4P
1,fe,10,4WojvD3m7Z
1,ff,10,n09dOlpKMO
1,fg,10,EG4bRyeRXO
1,fh,10,dLrgaQgxWy
1,fi,10,QBqROlLx6X
1,fj,10,Z7wBdVbonq
1,fk,10,8ZAb9ZgxOw
1,fl,10,LADe01mo67
1,fm,10,jmdMDgq48R
1,fn,10,3Lx0y4anvm
1,fo,10,byBQ69kKM5
1,fp,10,V0lkeXaRGo
1,fq,10,RPl7romp3j
1,fr,10,kejgpzKAmy
1,fs,10,89mMo3Mvq4
1,ft,10,ovlg5MgjJL
1,fu,10,5dDl9MlQen
1,fv,10,0POzKGzGEB
1,fw,10,XbyEygJgwR
1,fx,10,QjPzNJzL7y
1,fy,10,qRLAZaeJGE
1,fz,10,lopgkzd2Kn
1,fA,10,r612raR3q5
1,fB,10,PYVk5baN2j
1,fC,10,W63z6W7GA8
1,fD,10,Wg01g0E9Qv
1,fE,10,dNoMyqMl8K
1,fF,10,aVqdw0QrnL
1,fG,10,ld5b9orWYG
1,fH,10,nwGjLzoz8V
1,fI,10,LMw4w1ezAG
1,fJ,10,2Vazla9BL6
1,fK,10,XPwVl6Qe9K
1,fL,10,JMq4d6oDvk
1,fM,10,yZKOKxEA72
1,fN,10,XVwdgYo9Ay
1,fO,10,VoGpWJbz4R
1,fP,10,VpBalYvnP0
1,fQ,10,d60W0xWV5a
1,fR,10,m7x1m51ZeD
1,fS,10,mJPL0bln6a
1,fT,10,Lvwp8G374E
1,fU,10,K1PqwOqD7d
1,fV,10,BAQLmkgKZ8
1,fW,10,zA1jDeqJ7y
1,fX,10,OpB1wvkqVQ
1,fY,10,QX1LW1pNJP
1,fZ,10,OgAdw0BwKj
1,f0,10,wmOdK7dX40
1,f1,10,wad5Z3J6lj
1,f2,10,jNQD6rD40P
1,f3,10,g93mBKGB8k
1,f4,10,mpZvemvXJk
1,f5,10,BzwoBe5mNa
1,f6,10,Kbydorv760
1,f7,10,9y4Wop2Ekl
1,f8,10,9EzkoyKWNw
1,f9,10,EpoGlrMKVm
1,ga,10,PwnDnd4MqQ
1,gb,10,9nMW2PQNdA
1,gc,10,PVLvn3b51O
1,gd,10,3BNMn2MLrp
1,ge,10,8OeboaG46g
1,gf,10,k6RPxgnW3l
1,gg,10,5kMrk7rpyv
1,gh,10,6KJGvXgAqv
1,gi,10,dgEr7grkMN
1,gj,10,n5MwJy1PQ3
1,gk,10,xBmnbGjJwR
1,gl,10,P7w0w30BeE
1,gm,10,Oo09yOjvz6
1,gn,10,28B6WpLVZv
1,go,10,ZmAdpXdvqD
1,gp,10,38KE70qDj1
1,gq,10,ArYKnYMjXk
1,gr,10,6bqjAGLa12
1,gs,10,0LrpMJ8n92
1,gt,10,arEKyEK2Q4
1,gu,10,yg24KDqm3o
1,gv,10,dEVowx9GpQ
1,gw,10,MOxgeobnNo
1,gx,10,P8qZRBZo9N
1,gy,10,kXKjazbOqD
1,gz,10,oDOZ4bA742
1,gA,10,Q0ZbKa2yEo
1,gB,10,qKOjvnjr6D
1,gC,10,Bmkjnd14gd
1,gD,10,5drANZAXVz
1,gE,10,630jy5je4G
1,gF,10,MK4xR1aozk
1,gG,10,vaKnv5lg1d
1,gH,10,b9WdpNae80
1,gI,10,zkAekWeYwM
1,gJ,10,wDvdNWxg5z
1,gK,10,aQAyMvjl6o
1,gL,10,pNORMZwX3g
1,gM,10,BNlXbyAYqk
1,gN,10,LBqjdRXgNJ
1,gO,10,2VmwlJng9a
1,gP,10,wndxgbN6XD
1,gQ,10,G74pM3lYaO
1,gR,10,Jg5KO461rG
1,gS,10,1O4pwqovZ0
1,gT,10,OzZ2wG2dQL
1,gU,10,1N2eO26X0m
1,gV,10,z8YWPYDnVr
1,gW,10,xkdwbVwoKJ
1,gX,10,krdMLDMBpv
1,gY,10,yRGbGLj3oV
1,gZ,10,2xV1onO4Dg
1,g0,10,4G89Og9Jnk
1,g1,10,WeraQvb3Vk
1,g2,10,vD1J9aJdoZ
1,g3,10,mpZAn3byVE
1,g4,10,7QVqoRDrLj
1,g5,10,Z3WKn2KYq4
1,g6,10,kZg7ZXGVld
1,g7,10,ZNdVyBbDkM
1,g8,10,jAdbkj4yLx
1,g9,10,1JoarVaO8Z
1,ha,10,nAMJro27kW
1,hb,10,pz0baNroJ4
1,hc,10,vJymvLQLN2
1,hd,10,qrAk79E1RL
1,he,10,LMB76n7NDw
1,hf,10,qxMmgE4DLz
1,hg,10,O5qPRLkEg8
1,hh,10,azYAmQAebO
1,hi,10,k2xvGZ4Q9l
1,hj,10,8jrdwlZV1v
1,hk,10,a0vzoYbdwV
1,hl,10,lveXL0XyQw
1,hm,10,pz4kZ56aYo
1,hn,10,kRJjVMz8NB
1,ho,10,2D7324ZPvB
1,hp,10,j6wapRonP7
1,hq,10,6ZDvVlgl5d
1,hr,10,NpmdwOdveo
1,hs,10,q2Rn3PzWO1
1,ht,10,voVa0bp0Jk
1,hu,10,DGBe0GQdxa
1,hv,10,WRjEm7qBwV
1,hw,10,MLwWb0yV9X
1,hx,10,0q6edkoj83
1,hy,10,lp38A98jvw
1,hz,10,rNLWgR4j1Z
1,hA,10,JbyOw0Qj5r
1,hB,10,0XvdoPLl2A
1,hC,10,LXqGw25BPa
1,hD,10,WLjJ8QvYlQ
1,hE,10,WRgjyKA8kJ
1,hF,10,1JOadOm6nD
1,hG,10,E0lzJ1bmNj
1,hH,10,GpQ1pOvlRb
1,hI,10,K9WGaLgRX2
1,hJ,10,OjeEbjEA3v
1,hK,10,29aL0Mkv6n
1,hL,10,nq41Lp1r2J
1,hM,10,eXW8gpLb0G
1,hN,10,qA9p6odVDY
1,hO,10,4m9e5pxAXl
1,hP,10,OzxqZnq8dn
1,hQ,10,WR9owEOBpZ
1,hR,10,B7EPQZnW9N
1,hS,10,ok7Kp3WXEn
1,hT,10,q1X0oj5DRL
1,hU,10,L0xD0o2A8g
1,hV,10,wAKDv6DZQb
1,hW,10,G61pGrWzKA
1,hX,10,DAWeaGwd3y
1,hY,10,OL5GQEGBqp
1,hZ,10,RnPxd1z5De
1,h0,10,6lXWrKdPv9
1,h1,10,Kv3MnVMABN
1,h2,10,2o0bQVp3wB
1,h3,10,yAk1vljv0w
1,h4,10,j1AknGpLNo
1,h5,10,3XEbAL2O5w
1,h6,10,Xyrv1japmz
1,h7,10,lqNMWNzyVx
1,h8,10,BO9vobdR1q
1,h9,10,VdKe4de8rX
1,ia,10,qO4aAXrb1N
1,ib,10,OqQ4p905mB
1,ic,10,nAYeAKbygE
1,id,10,wYKlaLOzGR
1,ie,10,5XdQKXeODm
1,if,10,1opjdZNREv
1,ig,10,xY3nevbwd4
1,ih,10,G2ylw2dOQv
1,ii,10,RO1nlDnywo
1,ij,10,N5rROZ8QKg
1,ik,10,wNzGvEnXqK
1,il,10,9JOLwgLmBA
1,im,10,8belwJn4No
1,in,10,3epGZrGq1g
1,io,10,BagdlroyEZ
1,ip,10,l7knomNBGX
1,iq,10,EKMlA4pV2D
1,ir,10,E3kYw2avL6
1,is,10,EjD41m4Jb8
1,it,10,25wXWwXoOl
1,iu,10,1yZmlJDgrn
1,iv,10,PDxG1yGzN6
1,iw,10,7wZ6gBnlzv
1,ix,10,VKevyavjQG
1,iy,10,rb08wD6JLo
1,iz,10,8lyWJMop14
1,iA,10,N5Bp0Kb9zq
1,iB,10,dD8Zqp0Nen
1,iC,10,kO8MZvM0xr
1,iD,10,Goj79Q7YEy
1,iE,10,WmMALEeZgw
1,iF,10,ZeV4nQJQb1
1,iG,10,P4njw5rDqW
1,iH,10,9Zmb7RVgvO
1,iI,10,pA4Ge7j0QZ
1,iJ,10,3bym0j2OJE
1,iK,10,1vqWvZWYbB
1,iL,10,9y0MlOnj67
1,iM,10,qz5grGbBEm
1,iN,10,DneNmXdWr2
1,iO,10,435GwvbK8J
1,iP,10,o45Ry8OyQ7
1,iQ,10,49dnb6n17K
1,iR,10,jPVAovg1DL
1,iS,10,Y84lKxGPop
1,iT,10,102Kop9gLP
1,iU,10,WOQnpkeDLZ
1,iV,10,BwbMBQovKq
1,iW,10,E3djdapg4K
1,iX,10,7VnWxdW18v
1,iY,10,Og2bgGbW1D
1,iZ,10,n9bWnbWG0x
1,i0,10,5Aa6n7V7Rn
1,i1,10,BP9Gn6G2xD
1,i2,10,EkGyrRyXl9
1,i3,10,dXZlKNnDQj
1,i4,10,DyRQoj6pA4
1,i5,10,nkLjpeAazv
1,i6,10,P3bR2L9A7O
1,i7,10,ankGq8Z0mO
1,i8,10,31VAR4gmjz
1,i9,10,KzZnAynxmB
1,ja,10,r1mW9KA8bx
1,jb,10,6DwalPaEM2
1,jc,10,wYXnd62ZLN
1,jd,10,LYmdKRwv78
1,je,10,081NgPlMpe
1,jf,10,rp1oBXY64O
1,jg,10,1pwGzlayJj
1,jh,10,8mvkOvWGd4
1,ji,10,X7Vx8LxBRP
1,jj,10,djEQBYkMgO
1,jk,10,N41EG9WYA3
1,jl,10,pKPa2ZaA5m
1,jm,10,Dy8x7V23d1
1,jn,10,lQPMArdXjN
1,jo,10,k3eWmnyO6P
1,jp,10,eE5gzJg9Dx
1,jq,10,X75EKjxopj
1,jr,10,1yngd9BA7N
1,js,10,lAVkew9OYD
1,jt,10,k4NalQPzMK
1,ju,10,poDz8M71el
1,jv,10,163kVPZAdx
1,jw,10,1MXrYw0Nqn
1,jx,10,0e9gywdE28
1,jy,10,kxm4O09XeZ
1,jz,10,lqBbaJ9Jo7
1,jA,10,r7aO9G2yo1
1,jB,10,NOJD8baGYw
1,jC,10,8x9N0pNzvP
1,jD,10,RPykKP9baL
1,jE,10,512WpXWReZ
1,jF,10,eLOgqw4kMq
1,jG,10,bVe7QX8wza
1,jH,10,YPKGw5gvkW
1,jI,10,Pz95Xo4MRO
1,jJ,10,0NGLAZxje7
1,jK,10,MOlmZ3g3nR
1,jL,10,1OrkN9eGxv
1,jM,10,LYklq9lzW8
1,jN,10,yrXPxodN9p
1,jO,10,YpEA6yK8ek
1,jP,10,yv5pWOpE8N
1,jQ,10,amBY3j14D0
1,jR,10,Xjena45rx7
1,jS,10,1aVKbRKExO
1,jT,10,YBQavbaL5n
1,jU,10,YENVLXVmpv
1,jV,10,38BogrdPq1
1,jW,10,PMLOyBAz36
1,jX,10,k2Vv0wMPdl
1,jY,10,N5PpDdpdno
1,jZ,10,Z24kQykAWE
1,j0,10,VW5vGgvZAP
1,j1,10,o9MzxPzKEq
1,j2,10,jRPOE8l6K3
1,j3,10,6kJl57qQRr
1,j4,10,G8Lg2NgBRq
1,j5,10,O48Zb93q5o
1,j6,10,EX45dyk2w1
1,j7,10,yzLkeLRKQ7
1,j8,10,GlAaPjrQ9K
1,j9,10,3bkeljqvaN
1,ka,10,ZXonl979zA
1,kb,10,NGwZYryQMe
1,kc,10,v57QDMeVm1
1,kd,10,mEWkPQ3O2Z
1,ke,10,dvnbwjGOkP
1,kf,10,DdKkGzB6Pm
1,kg,10,EbV0lBnmMx
1,kh,10,6m5RkP1Nke
1,ki,10,ZLz3bPVYpB
1,kj,10,o4xq0yQREK
1,kk,10,pAPDeYDL1y
1,kl,10,WMrEvayKoa
1,km,10,XbByGOy7Qe
1,kn,10,2aZ8VpWMby
1,ko,10,7aXQp0Q9d8
1,kp,10,97RyeDkJr0
1,kq,10,7zvXo5yJR1
1,kr,10,N8DrGvjb2R
1,ks,10,g1QGwQp365
1,kt,10,38zKMrlPxN
1,ku,10,mMvbw7bjAa
1,kv,10,ybVrKmaB41
1,kw,10,JMd42eoNB1
1,kx,10,D0A6ql1ePR
1,ky,10,aOQxpYwPrX
1,kz,10,K1EOR19LGA
1,kA,10,PqWrGkrQJ5
1,kB,10,2opmODNx86
1,kC,10,YWZ9QRDLoB
1,kD,10,0WNZl4ZMYo
1,kE,10,QlZ6y3ba5m
1,kF,10,eWdBJKEpvx
1,kG,10,0WYlwWlegQ
1,kH,10,AO0R7EGBy8
1,kI,10,MnvbVyD4K8
1,kJ,10,Np9okxeRZY
1,kK,10,QxZrbkjRq6
1,kL,10,KBwqkDO7RW
1,kM,10,D9Gwe9wyAq
1,kN,10,NMErkxX78l
1,kO,10,k14ADzbWmM
1,kP,10,eEWyxelK6X
1,kQ,10,XqReyLGD72
1,kR,10,NnRPxdPOoA
1,kS,10,NQDEnZEML4
1,kT,10,gJEqDEQmea
1,kU,10,z3VeGRjXPR
1,kV,10,QKOjzx5L90
1,kW,10,0Nvlnzl9Ya
1,kX,10,2ezqxwQwlY
1,kY,10,M1Qyq4e0nE
1,kZ,10,mo5X4Kx9eg
1,k0,10,kab6yKprDQ
1,k1,10,X8lnZ6np7a
1,k2,10,6pjkY1kdLy
1,k3,10,J8yAK0ZP92
1,k4,10,BxdaeW3eg7
1,k5,10,n2JOoVlAwX
1,k6,10,pnPjN5mk6V
1,k7,10,PKDywQ51GZ
1,k8,10,dWDxR3b6qv
1,k9,10,2BgkDGQjoA
1,la,10,9mv6XG8Bxw
1,lb,10,8W4QwebKG9
1,lc,10,NqJE90jAwG
1,ld,10,q4pdwbklR0
1,le,10,d30DMmDpjQ
1,lf,10,bVwv9qvza5
1,lg,10,xnLDKNb2E8
1,lh,10,41JO5kql5L
1,li,10,KWnLZWy8A4
1,lj,10,pwmga4rxVD
1,lk,10,w2gQMBR8vy
1,ll,10,laNmWBXx9w
1,lm,10,YNOlMmlawx
1,ln,10,wJ1VZAy06x
1,lo,10,9xw3YWlYeM
1,lp,10,YQrzmGdX7L
1,lq,10,nND4VqWMQ9
1,lr,10,7k4E5yEbOM
1,ls,10,jRAo1zX2WZ
1,lt,10,Noe7aNpZGL
1,lu,10,A3XBw82jWx
1,lv,10,z89a81mwBl
1,lw,10,YOgBV2Bmdn
1,lx,10,Ox6vgNayRk
1,ly,10,g7vLamLV5R
1,lz,10,x6b8K782RV
1,lA,10,wNYE0Gr1ex
1,lB,10,xZbkYWz6m8
1,lC,10,zZKnwj6MRQ
1,lD,10,5Zng9k4mNV
1,lE,10,rMgDJ3ZY2w
1,lF,10,QvjdwKdEp4
1,lG,10,arm7O37D5R
1,lH,10,2MqoLWv8PQ
1,lI,10,lX3rdXrOkG
1,lJ,10,4XJalv0Rj2
1,lK,10,6ylvXk9VYo
1,lL,10,xbeXa8kY4r
1,lM,10,G4PkOGkewl
1,lN,10,5OvgLDgkG7
1,lO,10,6pXRornOV0
1,lP,10,vEOBg9jN4G
1,lQ,10,Aao5JylDXE
1,lR,10,q60VvKdW34
1,lS,10,Vp9ln8Q760
1,lT,10,KjygEG0Abp
1,lU,10,AGVbZGLxrD
1,lV,10,w7rEKdzgPK
1,lW,10,WLPOQzBdeX
1,lX,10,eAkad1odg6
1,lY,10,VgNRvVRn8A
1,lZ,10,da94G9knBV
1,l0,10,bqAEdLEV0v
1,l1,10,zB7RPBA2rn
1,l2,10,xWk49rQ6DV
1,l3,10,GJP9OlRyrg
1,l4,10,KbAgvKd1aD
1,l5,10,BMZp5jv061
1,l6,10,K9wdoDg4Ga
1,l7,10,yR03WPaL9m
1,l8,10,x8PkGdzgKO
1,l9,10,areqBnqMbm
1,ma,10,WBOewWez2M
1,mb,10,1pWxDj6kw7
1,mc,10,mONwbWje2K
1,md,10,dj6z1mzOXN
1,me,10,qxVQK8nMk7
1,mf,10,PkbjGyK1MR
1,mg,10,M0vOpLO6wp
1,mh,10,nLlobNo9EP
1,mi,10,G9EOreA4yQ
1,mj,10,Ob852M9RNM
1,mk,10,NJ34mLpA5v
1,ml,10,D4B3RdNRX0
1,mm,10,rbZywJGYkm
1,mn,10,2Xo8E58E0b
1,mo,10,MeJlMObQVv
1,mp,10,gr3LnjLqBM
1,mq,10,EXkZDewBb5
1,mr,10,MQJXqrKl3V
1,ms,10,Yo7JQmJQEL
1,mt,10,jopg0KDW8N
1,mu,10,2EXwQ9w5gq
1,mv,10,lqQk48kwjE
1,mw,10,MG6AKEl8B5
1,mx,10,1GemL7RV34
1,my,10,xGkNedge7w
1,mz,10,7pz51PeQRW
1,mA,10,jLJbKEpBw0
1,mB,10,xdrW2nW1oK
1,mC,10,vLzbrLke2E
1,mD,10,L2X1DgJgqm
1,mE,10,0qZWpRn8zQ
1,mF,10,N8MwvqEPOR
1,mG,10,wQZjlRKraq
1,mH,10,jE4m94qWzB
1,mI,10,zyOeOVA0rK
1,mJ,10,WlQorpJ3X4
1,mK,10,oPyAGJlxe8
1,mL,10,1OVgKmY9ly
1,mM,10,XmR6OLe45d
1,mN,10,a3EBpQRbvp
1,mO,10,MA0OnBOXR2
1,mP,10,g89JnD75Lk
1,mQ,10,dnkjAmj4e2
1,mR,10,NJYznvzPwy
1,mS,10,YZJmE3bDwr
1,mT,10,OAwn5Anj9y
1,mU,10,qOMbzAXG3r
1,mV,10,aErX0JxjDM
1,mW,10,DJaXpOlyAx
1,mX,10,DWAGLAvnz4
1,mY,10,ynmQbJQ19R
1,mZ,10,QKykoqN5YB
1,m0,10,Ydaz8PzKOM
1,m1,10,lNoewDZw9a
1,m2,10,QE3jZBjVZW
1,m3,10,5NA4w346ZL
1,m4,10,ne8BrLk4PL
1,m5,10,roZwyDev6p
1,m6,10,rV9arO0Pnv
1,m7,10,vk2wD5yMp0
1,m8,10,a0XQ7D8elx
1,m9,10,LPVOK1lY61
1,na,10,dQWzBowNDo
1,nb,10,ELeBk3BxZw
1,nc,10,2pEGLxGRLN
1,nd,10,7OKQaeQ9ZP
1,ne,10,adKBopgQzO
1,nf,10,AOZnrbn0r3
1,ng,10,LdqDLAPW1m
1,nh,10,Bo6lgVqVne
1,ni,10,gEM0wQ7R8d
1,nj,10,W6vdo950oe
1,nk,10,O0WgVZgx7K
1,nl,10,gByxZdLKak
1,nm,10,QKkyYbE48O
1,nn,10,QEKdzEo49W
1,no,10,67xv9Nnlkw
1,np,10,KNoadzgyp9
1,nq,10,zQaE9NWq3Y
1,nr,10,Dnpdg0Lg6m
1,ns,10,mbawzNwdrK
1,nt,10,xy9alXawLV
1,nu,10,2OB4NkEl0D
1,nv,10,l2ZgE9g8e0
1,nw,10,nOmJwNljkP
1,nx,10,no3dW9DBVg
1,ny,10,EdV7nb7WMD
1,nz,10,MglaxJjo96
1,nA,10,dgRrqR2vGV
1,nB,10,QX9qwgqpN5
1,nC,10,5ZV28l2NWR
1,nD,10,3Kn5kG5wdR
1,nE,10,k7BlMjK6nP
1,nF,10,oYDdKkdJPe
1,nG,10,kBjJozlRqV
1,nH,10,BZzjOGjDNd
1,nI,10,670nweq4Az
1,nJ,10,ADmygvdl1M
1,nK,10,jzq0MVKbMm
1,nL,10,dkqQEwKEX9
1,nM,10,dLEAZmop82
1,nN,10,ZGLan4mPJp
1,nO,10,gmkA4PA7OR
1,nP,10,NRjQagk0KW
1,nQ,10,MV0GyZQaN4
1,nR,10,01qgqRojAB
1,nS,10,2ErOWYoAQb
1,nT,10,7Yz1YWybgP
1,nU,10,mveEyMEPzg
1,nV,10,1YNn6p0pdE
1,nW,10,aEwBywxYKl
1,nX,10,L4NQe6xJDo
1,nY,10,1wEBAJ9ZnV
1,nZ,10,BAYg8MqDGN
1,n0,10,7KqdwmgYoz
1,n1,10,vj1VwEeBaz
1,n2,10,NE7oaBVraL
1,n3,10,d5DJWvmegP
1,n4,10,Bql4vr4KWM
1,n5,10,Dem8BgnWK2
1,n6,10,5m3NyGdgQv
1,n7,10,1VLQ46Orwa
1,n8,10,XvlGq3k3Px
1,n9,10,dwVpd6DYLk
1,oa,10,pL8rnzrdla
1,ob,10,K20JblGmPq
1,oc,10,4RneEGbklm
1,od,10,d4O8QZ3A6L
1,oe,10,vnol8Xl1r8
1,of,10,2b9BVrBJY3
1,og,10,Or7nA1nvyN
1,oh,10,joG4Qpg69Z
1,oi,10,MlnbwMjeBk
1,oj,10,RZv73Xk3nD
1,ok,10,gB7QvLeA1d
1,ol,10,Dq4p1Pd3oE
1,om,10,1e8g0Zn9QJ
1,on,10,xkg0x3ZdKP
1,oo,10,82Ew5nGJzZ
1,op,10,zwx0MRyL4Y
1,oq,10,O4zXbklRDr
1,or,10,M13BdeDxvY
1,os,10,3LDbnZbB9Z
1,ot,10,A2zJgPxXev
1,ou,10,j4AKnepLgR
1,ov,10,8eVgnDk4q5
1,ow,10,D1VjnxA6mp
1,ox,10,6nlk587joQ
1,oy,10,7oajlZVOLl
1,oz,10,wArqEQqZx9
1,oA,10,l6OArPjB31
1,oB,10,vXPBkQmNDZ
1,oC,10,OV3Qw40qeZ
1,oD,10,mnVrZQREkX
1,oE,10,J9QbK6XW2V
1,oF,10,jLeR1ERkQJ
1,oG,10,bwarOwr7pP
1,oH,10,eYzdxkRr8x
1,oI,10,kXpAr1vNQb
1,oJ,10,AYOzmgGj4m
1,oK,10,7EWOnrOywX
1,oL,10,m4WDArxvRl
1,oM,10,jnre4Kb4ZD
1,oN,10,r8d7DKNZ96
1,oO,10,GdKeG1n4EZ
1,oP,10,0oG4Kj6DOb
1,oQ,10,EzLbk6VXx3
1,oR,10,LAjrX1qg9P
1,oS,10,WpRnbaXVvE
1,oT,10,YoWv56PQgj
1,oU,10,58VlKApNog
1,oV,10,O4wDA8Envo
1,oW,10,R1mnzwboKW
1,oX,10,4E3APZmJYq
1,oY,10,zvMe8LeAmy
1,oZ,10,Oxr5Aq5bRD
1,o0,10,NwLBAJqrYd
1,o1,10,6GKZw8Oqgx
1,o2,10,LoqrxGg56W
1,o3,10,6RxAw94mJZ
1,o4,10,D8rEqaEGN7
1,o5,10,VZaGKVgpbo
1,o6,10,50w8rw17Gq
1,o7,10,PBJgekOy5z
1,o8,10,BepbgpQL5a
1,o9,10,KGekDGpNyd
1,pa,10,Bowq1Gx5me
1,pb,10,6wR4gRBkLr
1,pc,10,06PpmBKjZL
1,pd,10,1Y9WXPWbOx
1,pe,10,GKBLmRDgdn
1,pf,10,2qkomMo64r
1,pg,10,OAz7GZ1wyl
1,ph,10,3A8dNvdjo2
1,pi,10,0lx7N67gqL
1,pj,10,G8eadQDJqg
1,pk,10,kZeMxybrGX
1,pl,10,OApmE0o9eG
1,pm,10,MQrwp8w7eB
1,pn,10,358oywgdep
1,po,10,26G9XQDkyN
1,pp,10,PndELKWq4N
1,pq,10,NEmzD1b42Q
1,pr,10,kwaDzNDo6O
1,ps,10,x48NZ57kOZ
1,pt,10,7X5Jo5gzdY
1,pu,10,mNPVRXOnQK
1,pv,10,mQgJo64LXo
1,pw,10,4vMZlqBX3w
1,px,10,68x9lBWl71
1,py,10,o7VPR3zaYA
1,pz,10,b9VlkZdzD7
1,pA,10,JL7l1BQYRd
1,pB,10,rKPpd4pxYA
1,pC,10,nzy3DjbX98
1,pD,10,o2Yz61ENPB
1,pE,10,Q14zJWmB0p
1,pF,10,wJlqolmWVn
1,pG,10,vdwrogrqG5
1,pH,10,KD5doAgJZw
1,pI,10,5pVLyEL0Or
1,pJ,10,k2nbaKga0r
1,pK,10,z5DP39jVKl
1,pL,10,nVdvPRgzx0
1,pM,10,8Pkrk9yAn3
1,pN,10,7Vl6g4yjAp
1,pO,10,Ag3921evzY
1,pP,10,nb0lmO1rWz
1,pQ,10,L9ZOpArqjx
1,pR,10,bzG92J96v2
1,pS,10,rkd7xjoNxK
1,pT,10,9WoPM2mzDd
1,pU,10,YaGDwNok12
1,pV,10,1YAQB8aGR6
1,pW,10,kdYjLolrZA
1,pX,10,ZAKPwvk0xw
1,pY,10,AlbLq9LBJp
1,pZ,10,enDa6E1oLy
1,p0,10,9KbvgnazPq
1,p1,10,v6wVrJV9lg
1,p2,10,620W8MzMnZ
1,p3,10,0VemNW3vMW
1,p4,10,DpKdKAkNQn
1,p5,10,Eqe68Rmgy8
1,p6,10,OzlkynjpXe
1,p7,10,n0ZkZVkQPb
1,p8,10,0XQg5bo3Bj
1,p9,10,zYm3XAlAK8
1,qa,10,po3G8bjPmx
1,qb,10,LqwpJ5PlJo
1,qc,10,jMa4wQpNOJ
1,qd,10,lj82wjGLxM
1,qe,10,3LAg6zg75E
1,qf,10,gJo9qZnWeA
1,qg,10,ZaKg58jY0J
1,qh,10,WzvVP275AN
1,qi,10,5bRlGklx8m
1,qj,10,QK7Oxyqd8L
1,qk,10,NmqOrxea5J
1,ql,10,EOJZOgZpvG
1,qm,10,3DzayVb6eG
1,qn,10,m3l4Aa4xGM
1,qo,10,6ePQEdlWZv
1,qp,10,j9wklpkmWB
1,qq,10,PRjboKbmvk
1,qr,10,L3kRnqPbKX
1,qs,10,9OyeoVbP7j
1,qt,10,okB9E3LXOn
1,qu,10,6lXabgOMqP
1,qv,10,7L8gJ4Z5rd
1,qw,10,oywlKYvmMX
1,qx,10,O3AdL4dYP4
1,qy,10,46aeKbnY2q
1,qz,10,1Ey5JQ09Xq
1,qA,10,V3yjN4enZB
1,qB,10,AXxvPKYmnO
1,qC,10,wzgjnd0qG2
1,qD,10,dqzg0vxRy0
1,qE,10,xZorMGba7B
1,qF,10,YRgkX59ZEn
1,qG,10,gaOePwbZmz
1,qH,10,2nBEY6adNp
1,qI,10,B1AeKWeW39
1,qJ,10,8Jmx9DM7p2
1,qK,10,m0KbkRjMZ5
1,qL,10,r6W7zWEbNZ
1,qM,10,jB1elnA83g
1,qN,10,v8Dj4BR93p
1,qO,10,xgeneDV7kl
1,qP,10,0J3Zp0ZVRG
1,qQ,10,1OzeQ0ndLy
1,qR,10,wMx6waEbpy
1,qS,10,EGqbKObLa1
1,qT,10,L0Dq3mE4gB
1,qU,10,WLOnr9Dg3R
1,qV,10,2WZgOPA3EV
1,qW,10,xEalOxvYbL
1,qX,10,ld6A9MAkWE
1,qY,10,v3Z4QXDOEd
1,qZ,10,kPXeM8LEwK
1,q0,10,qRVDJg06Ww
1,q1,10,bGVB42p3OK
1,q2,10,YgzZgr0BK4
1,q3,10,K6pbwpdy47
1,q4,10,Mgb6o363an
1,q5,10,BayeDWbEOj
1,q6,10,EMVj9ZWlm1
1,q7,10,zd76wmGyNZ
1,q8,10,kBxykEWEp6
1,q9,10,zaN6bJ64Vj
1,ra,10,PxAMwJ7qrn
1,rb,10,jqlbaj81R2
1,rc,10,ax3vL9jr1y
1,rd,10,RWvLd903dY
1,re,10,EM1vop7mxV
1,rf,10,OjVpK5kdDL
1,rg,10,a7wGayGp9y
1,rh,10,JmzdBKkOW9
1,ri,10,1YNmY7OBRe
1,rj,10,Ap71qZPm5o
1,rk,10,y2aWNy5w9x
1,rl,10,Kjeg9qgpM2
1,rm,10,mjezQKB1LP
1,rn,10,EAdKEyKZw0
1,ro,10,MgejpJylqG
1,rp,10,M2Ye5Rz7pE
1,rq,10,095RyMRpoQ
1,rr,10,Zx2dK2yWre
1,rs,10,YlXeqEe2JE
1,rt,10,PwndBD6B7J
1,ru,10,rg4pGYOPM8
1,rv,10,8ADra5rGzK
1,rw,10,13X4bDz8eK
1,rx,10,Ol3x4DxzeM
1,ry,10,Xj4dwodaxN
1,rz,10,3LWzg3zMDP
1,rA,10,nEGjnVjJzV
1,rB,10,0E6oYp1Mbl
1,rC,10,l0AEvDZexg
1,rD,10,O8kmPDmqYg
1,rE,10,qoKj97mk4G
1,rF,10,XBEgmB70VJ
1,rG,10,dbO1JkvXx3
1,rH,10,9ozdg3drpV
1,rI,10,3q2n64gXOL
1,rJ,10,wmZvb9Ayqk
1,rK,10,jwMN9QN3lX
1,rL,10,zaQwDBLYvg
1,rM,10,g2NRGAbaQ6
1,rN,10,pB3ZxEAe4g
1,rO,10,k1zmGnpYAR
1,rP,10,dkJYW1gKNQ
1,rQ,10,oZkYKoYNJK
1,rR,10,OjndoE6wzl
1,rS,10,xBRPmlzpwm
1,rT,10,JrbazwoyY1
1,rU,10,4qVeAWx8Gp
1,rV,10,XKpdRPyjbM
1,rW,10,krVexwE9g2
1,rX,10,AWbgVXkGw4
1,rY,10,8vZdZkPqDy
1,rZ,10,oWArdKOe3E
1,r0,10,MWpZwp1RDG
1,r1,10,OgwRwWREQW
1,r2,10,8kpgw1on5y
1,r3,10,Yx3nMkrMmQ
1,r4,10,8Bga0Par7J
1,r5,10,JWPNWGNrdp
1,r6,10,rG3m8wd7Xx
1,r7,10,PY4zVrzJ3O
1,r8,10,V1EAk843Zv
1,r9,10,q9OyBpX5d1
1,sa,10,b1OayYa9d0
1,sb,10,NWygWb30q6
1,sc,10,loX6LmAYPm
1,sd,10,9KjxaJlRB2
1,se,10,DWrZb8eQgE
1,sf,10,wWdGdv8xo9
1,sg,10,QOYbZ5g9mW
1,sh,10,40mxlR9dMv
1,si,10,6EvrnQl7jz
1,sj,10,bWAgrx1Pax
1,sk,10,3pBjnoyr7P
1,sl,10,K74qB4dnJe
1,sm,10,RVkbn8pwWn
1,sn,10,3Epgob9WjV
1,so,10,3qJnb3jL2N
1,sp,10,p01QY1QbGy
1,sq,10,eYaWeyWxqm
1,sr,10,wqQAyojgmn
1,ss,10,9lZwDXwnxr
1,st,10,w2j7mkZxXE
1,su,10,b4Xav4Yx13
1,sv,10,zEKW6wqv5w
1,sw,10,0r8GZwbM42
1,sx,10,w1ZEJAXxgy
1,sy,10,EYxOndyWMr
1,sz,10,l6YgGXRJB9
1,sA,10,xPYlK0egM7
1,sB,10,KByvR1P9JL
1,sC,10,85NjD9pkd0
1,sD,10,kmzoq5o365
1,sE,10,xzgZm2yLoe
1,sF,10,1oWvPBg2xD
1,sG,10,vdyjG9EK8G
1,sH,10,PNwa6q1G9Q
1,sI,10,eOZ4eojzJW
1,sJ,10,NOjeX9mk5K
1,sK,10,ZARp29yejJ
1,sL,10,Vv7qzvqyQN
1,sM,10,qvRAOGAJpQ
1,sN,10,5Y29Z5j8bX
1,sO,10,jAxMpjlNzP
1,sP,10,PoyL7GLrMN
1,sQ,10,G1vrbNr9q6
1,sR,10,mMZpoZNYqD
1,sS,10,VyDMeVdWQw
1,sT,10,rLK9wbak5A
1,sU,10,zWEgXLg2Dx
1,sV,10,jp9y4JdgAb
1,sW,10,1znbKgbv5A
1,sX,10,y3xEe3gYkB
1,sY,10,qRPbgMxnEN
1,sZ,10,vRDjVzjGmP
1,s0,10,g8mPOQRQ94
1,s1,10,LnNVwdjA79
1,s2,10,bvGWpAJPBn
1,s3,10,qxVdlM6vBA
1,s4,10,wYVJMkgkZG
1,s5,10,yvRbKWbXpJ
1,s6,10,Z0xzogz3eW
1,s7,10,ZpYAqKel0a
1,s8,10,bnXAb06jQr
1,s9,10,n4g2lz83qm
1,ta,10,qzmbBrbR52
1,tb,10,o37dbqWQrp
1,tc,10,b4ZW02mjdx
1,td,10,pKV51PaQOP
1,te,10,bd6JNox2Y0
1,tf,10,5DYkmRox8L
1,tg,10,kXBlnE1G25
1,th,10,qYmZXMgOLW
1,ti,10,71Xl28QaW6
1,tj,10,4PQRznRZ6E
1,tk,10,bdmQmaQNwr
1,tl,10,3vygQK41rd
1,tm,10,oLGzq5zXaV
1,tn,10,27Dy5lLw8E
1,to,10,8KwORq67mN
1,tp,10,Y8OlJDkn2K
1,tq,10,qgyZKEoJON
1,tr,10,Yzw64wy5GQ
1,ts,10,7826QPNkZb
1,tt,10,v2x4gNd5Zw
1,tu,10,Wa4mGwmv6M
1,tv,10,7oxKB1JWL1
1,tw,10,QYlD6NDERb
1,tx,10,1e9o8loOrG
1,ty,10,O3ke1o0zXP
1,tz,10,6wAgO7g93a
1,tA,10,2JYrz1blQo
1,tB,10,0kZ2y4EVOK
1,tC,10,0Rje95ekQ2
1,tD,10,48zg1PyorB
1,tE,10,nlzE47QZ61
1,tF,10,QNBmEo68EO
1,tG,10,4M91x7X0e5
1,tH,10,DMKe89GRgE
1,tI,10,45rdOeWNVm
1,tJ,10,VdP6B7rqoW
1,tK,10,AONRwEpKGP
1,tL,10,8PjdwKdpDA
1,tM,10,Ve7WYMWjYb
1,tN,10,wjWgpOdeJz
1,tO,10,kgXbN5er4J
1,tP,10,BlmvkAgRj7
1,tQ,10,vZlyq83kE8
1,tR,10,61VgaAgmy8
1,tS,10,nBVAroRzJ7
1,tT,10,7MPXy5X46g
1,tU,10,3g40ld0dbK
1,tV,10,q2XoKjmEAl
1,tW,10,vjNkAQkprl
1,tX,10,G1JeEOdrjn
1,tY,10,bKLlWxg3ER
1,tZ,10,R1Bvm06Lo7
1,t0,10,P6GdGnvD4N
1,t1,10,Ab1XxrnDVY
1,t2,10,ARNgkxaxm8
1,t3,10,J1XVp3MKA5
1,t4,10,Zz56v5Qap3
1,t5,10,m89nAG1rEx
1,t6,10,zAMoGWoGEb
1,t7,10,7w08eKRdvB
1,t8,10,yZodVRdJjN
1,t9,10,AQxqnX2BWZ
1,ua,10,aOeGek4vZY
1,ub,10,lJG4o50yeX
1,uc,10,pZYrZ017Gq
1,ud,10,ZepRWNx19D
1,ue,10,b74mQNRyaX
1,uf,10,7lwEXvyQ8a
1,ug,10,xA3brNbR7n
1,uh,10,Ov9dZObLqR
1,ui,10,pYOlKoldQa
1,uj,10,OkwNz4AYnd
1,uk,10,E7zjDWKP1O
1,ul,10,a4XmkQpMqE
1,um,10,qMgjalX4NR
1,un,10,dQazyNqWJP
1,uo,10,7VAlrXZqmp
1,up,10,g0EWRMqpLA
1,uq,10,AakeDAyzDY
1,ur,10,8eVd8Xdqbn
1,us,10,ybJewJ2KOV
1,ut,10,MGQlw7lA5p
1,uu,10,32Qbw6lKo1
1,uv,10,ndWGoy5Jb0
1,uw,10,m5WO6KbRwr
1,ux,10,J6R4XVaBGv
1,uy,10,yGDwkeaY7z
1,uz,10,ydakevPl5L
1,uA,10,eX4jwLlv39
1,uB,10,2RJjpM0Lab
1,uC,10,lwjLewOEmq
1,uD,10,r0z2EM2vOl
1,uE,10,mkD4Q0pJVR
1,uF,10,3lymwBoAX5
1,uG,10,DMnbwQly8A
1,uH,10,0VoLqvx9dq
1,uI,10,G1bjD9BmEa
1,uJ,10,ZG2PQ4RMek
1,uK,10,EmMOrLd1gl
1,uL,10,1PpmZJmDe3
1,uM,10,0YjpeNoxZE
1,uN,10,2ebjGN1oxr
1,uO,10,mxlzydkwXR
1,uP,10,68DwZbwLmj
1,uQ,10,5KzGy7l8Y1
1,uR,10,KjGqwvR72w
1,uS,10,oZqe0vK5wg
1,uT,10,rO1Kw1kbpj
1,uU,10,ExBAwOAV5v
1,uV,10,o2q03O05ky
1,uW,10,3VdOwRDBLA
1,uX,10,XnG1ozMwZ6
1,uY,10,78aMNo6kPR
1,uZ,10,kVyrv3mG4D
1,u0,10,VLrdXZ1QNx
1,u1,10,oZl6abr9GW
1,u2,10,Nd3ZbzZAaE
1,u3,10,vB0r63Znd4
1,u4,10,145E4OorVZ
1,u5,10,RvYlojAkxo
1,u6,10,Gq4jZ3JRzb
1,u7,10,1X0MyqM2LW
1,u8,10,63gNxoRLD1
1,u9,10,Wk7pn2p6Jr
1,va,10,Dw3qnkRaxO
1,vb,10,wedvzbvbRA
1,vc,10,RqjJOZ3wyD
1,vd,10,VgdWlQolbN
1,ve,10,k8lEMyE1qA
1,vf,10,lN9ZDePRgM
1,vg,10,wzgoqrZ6Lj
1,vh,10,3MrgyMgWQ6
1,vi,10,bnX9ywR843
1,vj,10,7pAgqMgW5b
1,vk,10,Ym730P3EMQ
1,vl,10,oy8Ad91OxR
1,vm,10,VywnpeQ1dj
1,vn,10,AM6drvdYGW
1,vo,10,08eZl13Vd4
1,vp,10,pV4g60aqMB
1,vq,10,RGV09kv6Bw
1,vr,10,167kmQkzvp
1,vs,10,WxmkwAlvYZ
1,vt,10,a29MQ9MDoW
1,vu,10,675nPbqoYw
1,vv,10,0YBJyK8LWR
1,vw,10,gO3ylm9aqV
1,vx,10,DPvd7jOlq2
1,vy,10,pZWXab0QmL
1,vz,10,vG3gKZO7eE
1,vA,10,qWynlKNwlO
1,vB,10,0RlE8ZjMYo
1,vC,10,xAYkVAoblp
1,vD,10,XBqvz4Mrw5
1,vE,10,8YLqZ3BN5l
1,vF,10,8mNdw9J0aW
1,vG,10,e8yZav2nzm
1,vH,10,JmjZ3wZn64
1,vI,10,o9AwY4nlk4
1,vJ,10,r1Ogke0X34
1,vK,10,vGPjgR3BXy
1,vL,10,laKgn8k4zX
1,vM,10,r8yg4Bn0Gz
1,vN,10,abp4pN67O5
1,vO,10,YmLRV0xyGw
1,vP,10,2R3Ag7Av5L
1,vQ,10,ze8vwXDKPp
1,vR,10,5KJa8Ar7Y1
1,vS,10,JeLqW6ply6
1,vT,10,r6RyokyDqG
1,vU,10,8KBqwZ07k6
1,vV,10,ZDQ0a8LWXV
1,vW,10,05XKwoKBRk
1,vX,10,40z9BPa6q2
1,vY,10,BpR6w8NdQk
1,vZ,10,0r4KgDjzwd
1,v0,10,5xPod8o34M
1,v1,10,D8KM7DzPZw
1,v2,10,8moME7ldAx
1,v3,10,GbBR91Rez3
1,v4,10,RDegnEz3QW
1,v5,10,br6jRzjMv9
1,v6,10,691LnvLeMJ
1,v7,10,JgaDx2KWx2
1,v8,10,yk4p6LA0Gr
1,v9,10,Jr23BQANEm
1,wa,10,38mXnvXNgB
1,wb,10,aGJozwgqdK
1,wc,10,N3MlbOryLG
1,wd,10,bRom6aX4kW
1,we,10,86wbGgbNvK
1,wf,10,1ry410v6NV
1,wg,10,Lo4GE9Gpqm
1,wh,10,MN9ABPvP7g
1,wi,10,VGZXvanEYa
1,wj,10,3DoE0A6Prm
1,wk,10,Ng3ym9y72r
1,wl,10,z8GYOgYLap
1,wm,10,9rWZwoZ3pm
1,wn,10,jXgpK5k403
1,wo,10,PJB6DmjoaG
1,wp,10,n8P2NgyOEb
1,wq,10,zePplobqkx
1,wr,10,VKEOGEN7g3
1,ws,10,37Wjp8jamp
1,wt,10,7Owv6OAax4
1,wu,10,x7O4AZ5X3e
1,wv,10,ypJmGomjkX
1,ww,10,PVAjwqgarZ
1,wx,10,BRqGoqvOLW
1,wy,10,wGYDKeWRQV
1,wz,10,8JqjWmNnOY
1,wA,10,vgBbOd0Xme
1,wB,10,9rVMNW7mBx
1,wC,10,dmJGNRGl8n
1,wD,10,bpowAvr7NM
1,wE,10,RzXmlPmJw4
1,wF,10,6P4QGR7nDY
1,wG,10,a3dbKALNP6
1,wH,10,yLpN2OVx0M
1,wI,10,7nGrAO0NYP
1,wJ,10,lLmgGJWRQj
1,wK,10,q18jlKpD5e
1,wL,10,a7pk4WwlKW
1,wM,10,LZGrMG8MBd
1,wN,10,pqyzpglLb9
1,wO,10,a9krG5nX3o
1,wP,10,Y0eOyVLykZ
1,wQ,10,JlxQlza4DX
1,wR,10,0zeVwe5NOB
1,wS,10,gk5Qr1nKjR
1,wT,10,GQB9voPYkE
1,wU,10,4QX0OL1LVE
1,wV,10,YlZg3Ek45m
1,wW,10,74ryQmy9lL
1,wX,10,X5AzMlkEQ4
1,wY,10,KGZ2KYRMDy
1,wZ,10,1eYRQqR7O0
1,w0,10,bpnq71yeEz
1,w1,10,DB3Zn8y9P6
1,w2,10,07gNvor9QY
1,w3,10,b9gPpLPBvj
1,w4,10,rdLzZ3G29R
1,w5,10,O6BnmqnzZr
1,w6,10,nW6BqxYZoP
1,w7,10,mOJGOXjlok
1,w8,10,d9RgPLgYXk
1,w9,10,Z4aypXyVng
1,xa,10,YgOZnBZVEB
1,xb,10,1pPdvaK2qa
1,xc,10,a7Y0Gk0Pbo
1,xd,10,GgEeapl7AL
1,xe,10,b2k6oeldoZ
1,xf,10,4V7mdby89D
1,xg,10,GVED68R1Xb
1,xh,10,8om6p46K7d
1,xi,10,EZwqvJqnpP
1,xj,10,ZEV7ovk8pl
1,xk,10,r3j4w34kN6
1,xl,10,OWQl4ag64x
1,xm,10,KDJzMyzNjO
1,xn,10,M1PGaeGDRQ
1,xo,10,K9ARwjyrXP
1,xp,10,Vwoadla2g9
1,xq,10,QPqo5Xg02w
1,xr,10,RVeG12aElq
1,xs,10,bY26yWPQR3
1,xt,10,VXMlA6d4x3
1,xu,10,qxa14NwWoB
1,xv,10,EaeOqpAZ7Q
1,xw,10,qgK0Vz0dGn
1,xx,10,W7lz1azBKo
1,xy,10,XqjeYLnoWg
1,xz,10,JbGgW7g0W4
1,xA,10,p0XnNZn83l
1,xB,10,RZNBwLyz8P
1,xC,10,83Ro6Vogvr
1,xD,10,YvDwk1rlmX
1,xE,10,BVZRWv0bXN
1,xF,10,nkOga3dvxP
1,xG,10,Wr7JoY0YZQ
1,xH,10,lx2g5GWLP8
1,xI,10,GbZq5od8Ek
1,xJ,10,M95al2nWxe
1,xK,10,bpmzm297Bw
1,xL,10,6O7vK8aD9x
1,xM,10,nVrJ6xNA7x
1,xN,10,AG4gxpgWny
1,xO,10,5E6oROD4bA
1,xP,10,jWPdregVKO
1,xQ,10,B9V1ZdeEOb
1,xR,10,r0DadJGqjd
1,xS,10,7gx3rdzOBN
1,xT,10,rlPXgNa8z7
1,xU,10,MAEzAJ9eZ0
1,xV,10,bp9aLEzQGX
1,xW,10,eDj9LP9Wry
1,xX,10,83zv1rxNqW
1,xY,10,29xLOWLq5m
1,xZ,10,Q5bgDLgK89
1,x0,10,zK4aN1g2Bb
1,x1,10,gW87WxZJjG
1,x2,10,y08zl8zjk5
1,x3,10,zRaepRm0OB
1,x4,10,y0MadV5ZrG
1,x5,10,zJw0O9V64R
1,x6,10,kPYdKzWb8e
1,x7,10,OAneaPJqZv
1,x8,10,o8XAOWA1dN
1,x9,10,q8eGRkpx6Y
1,ya,10,xAvrvdg2oV
1,yb,10,7wlJKx6zWZ
1,yc,10,6Xajd1nVYv
1,yd,10,063k4jPwWm
1,ye,10,ZwNbg4pJg5
1,yf,10,QdgNWaLXr7
1,yg,10,3ayGykeb5q
1,yh,10,ge9bGAzoRN
1,yi,10,kj2y246w3J
1,yj,10,d427NdrnmP
1,yk,10,PmDVkgV8L1
1,yl,10,J8jv5DLePl
1,ym,10,qPaKmRbDE6
1,yn,10,BXJd6Jdn7Y
1,yo,10,Nr1bwqpdRB
1,yp,10,p59EYwrZRw
1,yq,10,VgmA0Ojn8D
1,yr,10,My7RW7Rz8V
1,ys,10,lGVjGJnPbK
1,yt,10,e7Kp6OEAmo
1,yu,10,OjqnqKbDd1
1,yv,10,m6qAWeLloR
1,yw,10,g78bKELOmk
1,yx,10,x5yLy9LQwR
1,yy,10,AK7ewkewdg
1,yz,10,518rMkYQBa
1,yA,10,DOyJe8nQGg
1,yB,10,ZJeXmYXq89
1,yC,10,y38ewgeRMd
1,yD,10,xvndJD7rgw
1,yE,10,pv0KQ0ZQlj
1,yF,10,RGgomV31P6
1,yG,10,PaM0wajz1D
1,yH,10,VyZv6w4jRA
1,yI,10,4lLewMOZ2g
1,yJ,10,Gm2ZEx8PO6
1,yK,10,N0bOM7Zz6P
1,yL,10,YaoOqgjxMm
1,yM,10,YZ91n612xG
1,yN,10,63v98o7QzL
1,yO,10,GkqpkvnM6m
1,yP,10,JKoGvoNjAp
1,yQ,10,7RQ0XP0gOa
1,yR,10,jykz8J1RKv
1,yS,10,o6bwOv18Xl
1,yT,10,L92rYxGXb0
1,yU,10,vB2AeQAYJK
1,yV,10,jLV4rpGykw
1,yW,10,nWOeyr0bLP
1,yX,10,rLl029M5Pw
1,yY,10,kNpb7nDzl4
1,yZ,10,l7z9Q2GBa8
1,y0,10,ML6JOgJ8yA
1,y1,10,04aOk3OYAL
1,y2,10,yOwNrq5LjD
1,y3,10,D2BbGBp9q5
1,y4,10,q7ymJkNjgZ
1,y5,10,PNbgb8eAMk
1,y6,10,nMr5dMmRgo
1,y7,10,JEQyQ2bqK5
1,y8,10,eyYkEqkOB7
1,y9,10,Wga0WmpLjY
1,za,10,7WKJKRblq1
1,zb,10,NykogVE2mB
1,zc,10,dvnRmn6Bp9
1,zd,10,3MBdWQe14J
1,ze,10,PX6xoR3lNY
1,zf,10,GxLdwX6Yl1
1,zg,10,XO9MRqeRnD
1,zh,10,AeLQWnonZ8
1,zi,10,Y7gqr8yD46
1,zj,10,1QEbvPae85
1,zk,10,pKnNxlNZXm
1,zl,10,Z5EdgJ6Dx2
1,zm,10,5qlN7my3Zv
1,zn,10,4P1a4LaDXy
1,zo,10,REAZdVwKJb
1,zp,10,AJ1alVg5o7
1,zq,10,eJ9wBYZAkY
1,zr,10,wbKBD4B1X4
1,zs,10,25WZB1eAg9
1,zt,10,nkPpGNY9yo
1,zu,10,Pz4KpV13ro
1,zv,10,NAb9vPaRoE
1,zw,10,vVELDebzXY
1,zx,10,AKxgyxWekm
1,zy,10,oD0BdeXpGm
1,zz,10,r0xWkYGmev
1,zA,10,vP1Ol0OMqy
1,zB,10,XBWydwj4pA
1,zC,10,J7YlegVdBK
1,zD,10,Xqakg1lwJK
1,zE,10,aDoxyGRA8Z
1,zF,10,Ob6WEV3o5q
1,zG,10,qg18Bb85B7
1,zH,10,ZN6jL5gE7m
1,zI,10,NPg6w27Y94
1,zJ,10,9m1gKDQvB5
1,zK,10,PX1gKxyabp
1,zL,10,zJd6QzwNEx
1,zM,10,k1VwRe9qBx
1,zN,10,Mzyar0p5AL
1,zO,10,Wy5kxDkazE
1,zP,10,8aKdzGk45P
1,zQ,10,aNDzxXzGQl
1,zR,10,VJ5gmbNoGa
1,zS,10,vD9qwOqpWJ
1,zT,10,ePogY0zvxQ
1,zU,10,qkPBpxB72W
1,zV,10,2PLgWNjM4d
1,zW,10,8y0l20jEKn
1,zX,10,j1DVoQMkZw
1,zY,10,z5obq9bLWD
1,zZ,10,xlDdoy6XPq
1,z0,10,gwveLWPa21
1,z1,10,dPJ5pOWpR3
1,z2,10,1eAwbpaOvn
1,z3,10,bog37ePVR8
1,z4,10,67Nke5kbKq
1,z5,10,9vZ4MA4p1R
1,z6,10,Or2gLRm6pZ
1,z7,10,4q9Pw3PvrW
1,z8,10,ParkwDOmQe
1,z9,10,2QDPwgP7zK
1,Aa,10,NdW4reQ8VE
1,Ab,10,zrW4K9oAaw
1,Ac,10,q9PXDk45Wg
1,Ad,10,kbExqR10Z3
1,Ae,10,3D2A4bNodr
1,Af,10,eqnN6woD54
1,Ag,10,WlVjKWjrL4
1,Ah,10,JprxBawAgz
1,Ai,10,8lyMy0qVLv
1,Aj,10,Mo20rma1yY
1,Ak,10,L8x6wjGMeb
1,Al,10,02GdP5vkMr
1,Am,10,4GLyweaQO9
1,An,10,3w4RO7R2OE
1,Ao,10,oVGvbBvkez
1,Ap,10,BKdyQ8m8Rp
1,Aq,10,g0LKenv1aB
1,Ar,10,QEA6ym6n5o
1,As,10,WwvEaNbokX
1,At,10,6kGomNvxVK
1,Au,10,E7ke1GblVN
1,Av,10,qjDRZ0vdZy
1,Aw,10,gB3jEVl2Ar
1,Ax,10,JxpQWrm3Pj
1,Ay,10,ZArjnrjLeK
1,Az,10,kaDexK9EQg
1,AA,10,dLlbK2g2NQ
1,AB,10,nGbz9BWPyA
1,AC,10,DEOeo5GaPA
1,AD,10,BzPLRVLjv0
1,AE,10,8q3lQNav5J
1,AF,10,PXZq5o1rVD
1,AG,10,3jZelNdAlp
1,AH,10,Lq2AJEPOwG
1,AI,10,7x4aemaeVA
1,AJ,10,GonJ2ZJ0O8
1,AK,10,nNVpne4LgM
1,AL,10,kB2ameajGE
1,AM,10,LNvelJgWxR
1,AN,10,wV0EXOzm6J
1,AO,10,mJNbn3e90X
1,AP,10,6l1d6MN8rQ
1,AQ,10,8xK0bXZzyo
1,AR,10,zEMqPbWw0R
1,AS,10,qla9rpj04r
1,AT,10,g7ZLokLW3n
1,AU,10,NMdVyKpPxy
1,AV,10,g36yMdXWMN
1,AW,10,3wKbKmnz42
1,AX,10,Z6waev42QW
1,AY,10,75ZelWbm0G
1,AZ,10,oGxL8AmOwX
1,A0,10,0Eon6oLbRY
1,A1,10,MLwjp5zev7
1,A2,10,QVqvo0L6WN
1,A3,10,R4zVbnV8yp
1,A4,10,wKEzJrzy5X
1,A5,10,9GMbKNZJk3
1,A6,10,0YVaRyQGv2
1,A7,10,1WZbV4vBeV
1,A8,10,xZE02R0zqR
1,A9,10,kmvemqeWBZ
1,Ba,10,1o7Y6OxVJ6
1,Bb,10,zONdbQoDWK
1,Bc,10,KPBmNOJgZv
1,Bd,10,42KkEd7LAZ
1,Be,10,2QaxgL7wlb
1,Bf,10,GNvdOAm1Wo
1,Bg,10,A97eybzEMX
1,Bh,10,K1GaD4anZm
1,Bi,10,j1vRGB5NJn
1,Bj,10,DyOkQZ8PEx
1,Bk,10,93axW3xqzE
1,Bl,10,l8pdwyg91Y
1,Bm,10,K50ENxpjNO
1,Bn,10,3P1Nk5WG4D
1,Bo,10,2ApYpwMmQ5
1,Bp,10,2JLMa4QWdR
1,Bq,10,832mK0g5a0
1,Br,10,Qb8gdja39N
1,Bs,10,Wq74em4KEj
1,Bt,10,r2mXgkXVbA
1,Bu,10,EKRDR5rWkp
1,Bv,10,XRYKnMmODr
1,Bw,10,DOqMnlWk0n
1,Bx,10,jRwoxPo2OB
1,By,10,Q4L7XP7lyb
1,Bz,10,Pe0zxrdlRQ
1,BA,10,7MdAz789xb
1,BB,10,7lEkyAkO2r
1,BC,10,JWonOqN3a2
1,BD,10,1LK08zd9Jv
1,BE,10,wKGvA9vjeb
1,BF,10,52ngmjbpQe
1,BG,10,nM9a85bWmr
1,BH,10,KjXov7dmbl
1,BI,10,OkxQ0NZ5nz
1,BJ,10,zd1onyxqA9
1,BK,10,59JpvM7mvE
1,BL,10,6vjal3dRNx
1,BM,10,4jpE9QEKzV
1,BN,10,ObKgDGm5Z2
1,BO,10,NXJYyAYbDd
1,BP,10,DV84k2d7kM
1,BQ,10,Y1ElYJXbzd
1,BR,10,9rnzL5gx4P
1,BS,10,YaLZbwqy29
1,BT,10,JvZGNQznNP
1,BU,10,bde2Mm2E9Z
1,BV,10,vWKAKDa1lM
1,BW,10,YrLqzD02eg
1,BX,10,DEVeADJvaQ
1,BY,10,O8wLEVr9XG
1,BZ,10,08bkmykzj9
1,B0,10,8bXnPylzBx
1,B1,10,zKyb6QA6X1
1,B2,10,0E7LYkgOxJ
1,B3,10,EwzX8eY7aR
1,B4,10,OzognMQLW0
1,B5,10,42OnbklvNq
1,B6,10,BXmyPOLq6Q
1,B7,10,JwBlOLpGW7
1,B8,10,meK9gK9Rl3
1,B9,10,7Y50RV0Axe
1,Ca,10,gojaeNGNwr
1,Cb,10,MnQKy5KbmY
1,Cc,10,YajbwXLkBN
1,Cd,10,EABzmNW2Q4
1,Ce,10,5OgKwde7nz
1,Cf,10,V5wxJmjaym
1,Cg,10,0zKeo7eDOm
1,Ch,10,AZa7EA7GXj
1,Ci,10,Dpv6KyG7Ab
1,Cj,10,NynWkvQBz6
1,Ck,10,aNJweaw7M6
1,Cl,10,pXVBN2BJZ4
1,Cm,10,gKMnDMjkEJ
1,Cn,10,k0AlyQl9ZW
1,Co,10,Bb2e1NnqdR
1,Cp,10,YzARKMan0v
1,Cq,10,eodbwVj1pg
1,Cr,10,1BRx9JjWdY
1,Cs,10,1lNklwA3X6
1,Ct,10,ka3KLM5G9Y
1,Cu,10,ywVankbmzk
1,Cv,10,KMYZW0k4Ey
1,Cw,10,O0VeD1r4lz
1,Cx,10,xV5Eb5Lwzo
1,Cy,10,bmr6V4Gq71
1,Cz,10,Z5ANQ2dLy9
1,CA,10,z3MLbpe0Bx
1,CB,10,ApVGdb4oM5
1,CC,10,xQLE4LE3gK
1,CD,10,mowxD1lZEB
1,CE,10,G9PeMGb1ZB
1,CF,10,3wjM5RK4zp
1,CG,10,v53jnEQxaz
1,CH,10,NdmvVKJOBj
1,CI,10,DdaynE0l6g
1,CJ,10,qgbQkaVa98
1,CK,10,q0albJlr3V
1,CL,10,53yNk3Njg8
1,CM,10,dPJDAzlQeL
1,CN,10,8ErlEYlOM4
1,CO,10,wJvKyaK5l2
1,CP,10,eEORrOwr3P
1,CQ,10,A70Z7mnd5e
1,CR,10,4aLpArB8MO
1,CS,10,BzgXmOQRNj
1,CT,10,O16y8dyE9g
1,CU,10,LA3jrZjeGw
1,CV,10,eDGZ1aZMOR
1,CW,10,N9ypDRkqaX
1,CX,10,Wp30Mbq2Mg
1,CY,10,gRWel9pN3o
1,CZ,10,o1LW63w4yP
1,C0,10,yAr1K5D6WN
1,C1,10,Q6wbZRba2O
1,C2,10,4npKbYzjWZ
1,C3,10,reWbKepgyq
1,C4,10,nO5aejlqm8
1,C5,10,8ekbGpVBNo
1,C6,10,Vy2NZJN0ZW
1,C7,10,XojewKez40
1,C8,10,Va0mBGbwrD
1,C9,10,zYVnlopDP2
1,Da,10,oJZ2WqzLA7
1,Db,10,NKjEzPVOv7
1,Dc,10,mnP9qz6alp
1,Dd,10,5K7Bw2kJ0w
1,De,10,vnD6qpOXkp
1,Df,10,B0WgLvnKDz
1,Dg,10,War3pwQR70
1,Dh,10,j9Bp6kAowN
1,Di,10,AmYPXpPX3w
1,Dj,10,ZVPqvjqeDO
1,Dk,10,VDk6bj6bWE
1,Dl,10,VOJavqpN8n
1,Dm,10,m5ZwoePVD3
1,Dn,10,Re6EgWEz1G
1,Do,10,MPB7MDqYpX
1,Dp,10,yeV4mvgkmG
1,Dq,10,mXMZnWNy0D
1,Dr,10,el9a6QKBbY
1,Ds,10,qvQBplBED6
1,Dt,10,Wzbgaoy6P1
1,Du,10,LW9BWq2koA
1,Dv,10,d7lNyW9n42
1,Dw,10,d0nvJeWbz7
1,Dx,10,2KOoDOdvw1
1,Dy,10,lj7paPgZGE
1,Dz,10,1qPgG06lDJ
1,DA,10,RLYzglQDen
1,DB,10,o7bkQwp3zB
1,DC,10,EQjoQGx6N1
1,DD,10,gbQGq0AJd8
1,DE,10,zL9ZQ9ZO0r
1,DF,10,96G1vV1ljq
1,DG,10,oWB1RK289O
1,DH,10,MYGzXQ6Vq1
1,DI,10,EJQ4nZ4Y5b
1,DJ,10,xVjgkZrJRP
1,DK,10,Z8RJLyPl9w
1,DL,10,OoDdOng601
1,DM,10,mGvQGpgZd3
1,DN,10,ao5K3JO0bw
1,DO,10,zy8kYwRGnD
1,DP,10,n1xW2vWmXd
1,DQ,10,1QXoDmVeO0
1,DR,10,9EbLvAP2aw
1,DS,10,AkdD47lJ0Y
1,DT,10,Ylpv6D4MP5
1,DU,10,Enr9v3pQ5y
1,DV,10,ZO1baYb2BJ
1,DW,10,oemp2RpEPG
1,DX,10,BYEx2jxXg2
1,DY,10,qY7RzK9KbB
1,DZ,10,Y9BdgyqG23
1,D0,10,KyAvWbno7L
1,D1,10,9oG83LyxBa
1,D2,10,k4xalda0jL
1,D3,10,1MaA3Llob2
1,D4,10,XAjWz1oLZB
1,D5,10,3APKBmVYnL
1,D6,10,MDpg4AnAV4
1,D7,10,xW4oMJbpA1
1,D8,10,OXxdRQg7B6
1,D9,10,4maVNzV3KG
1,Ea,10,nY8ewxjDAL
1,Eb,10,ZJex06W65R
1,Ec,10,D0oeAX2daN
1,Ed,10,nMPYvDxWZE
1,Ee,10,VZv6lkbXM4
1,Ef,10,8p3Ok8PR9V
1,Eg,10,E0R6Q56Z8a
1,Eh,10,XK538boBgV
1,Ei,10,rv4ym2aGmY
1,Ej,10,KYMa13mbQW
1,Ek,10,BLArV7bqkP
1,El,10,BK43nXvOG7
1,Em,10,jpd3pD3zPA
1,En,10,6lzDPg9J1g
1,Eo,10,41nknqj53L
1,Ep,10,84Nxn80qoB
1,Eq,10,1QzAyaAk9m
1,Er,10,mqVGNWnyRD
1,Es,10,OgankKnl6p
1,Et,10,PQW4Am4Mad
1,Eu,10,G05emdj2od
1,Ev,10,rlVJxRgKQ3
1,Ew,10,Wv7nboZlbM
1,Ex,10,mMB6JMkgen
1,Ey,10,1Pq4GnQv6m
1,Ez,10,L1yM6rM7zZ
1,EA,10,7JyKmDeMkR
1,EB,10,jJxpm6aObB
1,EC,10,3RypJbp2GQ
1,ED,10,wPYQkgQ6Ej
1,EE,10,EMxlryeQAn
1,EF,10,qXDgn8zkM8
1,EG,10,MVWy4RoneQ
1,EH,10,Za7m90D8x5
1,EI,10,XkZMKlroGe
1,EJ,10,qaZrbZr4Mo
1,EK,10,V6eQoan23g
1,EL,10,b3WZGyBw4m
1,EM,10,KzabG5rl1N
1,EN,10,VGARzJR5xn
1,EO,10,govewmnNra
1,EP,10,2jYnvqrNJg
1,EQ,10,9MyQAzDGaR
1,ER,10,vZ5qvLBgd2
1,ES,10,zeYnz6nk4Z
1,ET,10,8dg19Z4rOy
1,EU,10,80geGRb57r
1,EV,10,BdVE8jo5AP
1,EW,10,G5P9pNOqgk
1,EX,10,6RMmAemJZP
1,EY,10,rYN6Q0AEnl
1,EZ,10,Ar8xz8jZQe
1,E0,10,pm0yMmyK75
1,E1,10,QxbewNj761
1,E2,10,j24go2LpbQ
1,E3,10,oG5jMGblB3
1,E4,10,RnD5XQalG1
1,E5,10,ZWdgnzg6XE
1,E6,10,xE61N61YVk
1,E7,10,j7OeW2yWLo
1,E8,10,V7DMWwMAel
1,E9,10,GJ3bkZ9oaE
1,Fa,10,BAk289Vmgd
1,Fb,10,qWzgKmonvP
1,Fc,10,mK2wXqzPpg
1,Fd,10,42Vea9eNPa
1,Fe,10,WPREoQ0vjL
1,Ff,10,vqMXBq1LDx
1,Fg,10,0djK4n7lgn
1,Fh,10,ok7aLrdy0N
1,Fi,10,DerLlGRo6A
1,Fj,10,JZAgyAgDyM
1,Fk,10,MKR2v9GoNO
1,Fl,10,4xz1n8myBX
1,Fm,10,RD1q364YEO
1,Fn,10,G7loAbmrDp
1,Fo,10,Yvd0ZLeoRZ
1,Fp,10,9720dp0Mob
1,Fq,10,bgPRE5R48E
1,Fr,10,wloNgmk9L6
1,Fs,10,2Pr6WMepjn
1,Ft,10,RGPJo1g6N0
1,Fu,10,qJQGRVGV3w
1,Fv,10,Olx6L7Aoak
1,Fw,10,b8BrG0l0DG
1,Fx,10,k7z6Em6R3D
1,Fy,10,vE7D7xg9QA
1,Fz,10,kZQWzOlx6y
1,FA,10,8Zg163mOYL
1,FB,10,46DjEMjbp8
1,FC,10,Da43Gw3qm9
1,FD,10,M5pYpaQare
1,FE,10,bAv16dewj0
1,FF,10,j1Bg5odwrm
1,FG,10,eZNlojK9mR
1,FH,10,5g8ARpvLNJ
1,FI,10,2Y1Pe75Jrq
1,FJ,10,RO8axNdPk5
1,FK,10,pERDmVrlY8
1,FL,10,ZyBa8Eez3Y
1,FM,10,EZ9oEeoDJW
1,FN,10,X8DKx5N0B6
1,FO,10,y2nx4Rvj04
1,FP,10,zLVEaokM3x
1,FQ,10,ebVGWR4YBO
1,FR,10,p5GO42o6l7
1,FS,10,JqY0qM0MlZ
1,FT,10,XZl8gyLmPD
1,FU,10,041Wz9eljb
1,FV,10,Jj3y0VdObr
1,FW,10,aMxedMBmP3
1,FX,10,PZ5g6Qk2WX
1,FY,10,2K5mgGmZr7
1,FZ,10,ojZdGeOxAP
1,F0,10,klAgEPjG6q
1,F1,10,Zo8Bwpqz5K
1,F2,10,nM67ZmKdry
1,F3,10,nkVJW0ewpb
1,F4,10,oPgQd5exVO
1,F5,10,8MBoMyoG0R
1,F6,10,MobmKAkBzJ
1,F7,10,qxK4R0Qg1o
1,F8,10,294OmWk1NX
1,F9,10,pr6edwvKkx
1,Ga,10,21ReKWeya0
1,Gb,10,kE25y0xNYn
1,Gc,10,KzmjdKp34Y
1,Gd,10,DM2J7aojLn
1,Ge,10,a65l6vlGxB
1,Gf,10,P4OZMlNQp3
1,Gg,10,k3mjnGp4xy
1,Gh,10,GNM6Nr6jqL
1,Gi,10,3VaynZyR8k
1,Gj,10,3nvORzOzV4
1,Gk,10,brOmyZpKP0
1,Gl,10,qJw3mxvakA
1,Gm,10,gRr3MzQjAp
1,Gn,10,xORBl9kn3Q
1,Go,10,4930k6jLdx
1,Gp,10,7oKALPA6Yv
1,Gq,10,lXkyA3jnQY
1,Gr,10,zE8mKLB4Wj
1,Gs,10,YVokpJ06ZP
1,Gt,10,JPqm71VbKg
1,Gu,10,r5ZOqlmRge
1,Gv,10,lB96VpkxyG
1,Gw,10,BYme4QvLZ2
1,Gx,10,laJLR1knmy
1,Gy,10,zRaewyx0m6
1,Gz,10,pGqAkaxNPw
1,GA,10,KnDg2mle6q
1,GB,10,6DEXWBGl1Q
1,GC,10,xBJVwElp2Q
1,GD,10,gy0WmaWb47
1,GE,10,qwn0K9D5B4
1,GF,10,r6qL9Rnx21
1,GG,10,rG4yLBAqz1
1,GH,10,4oxdpBLWNV
1,GI,10,47VrwBn9k2
1,GJ,10,g658ZAvdqm
1,GK,10,mW8dlWAnez
1,GL,10,WxeoMnEnkD
1,GM,10,RjYeDnyJkA
1,GN,10,AYzpMzlvDQ
1,GO,10,WX6ew6DGYZ
1,GP,10,bP0zq3WK58
1,GQ,10,AxBYrxj9p5
1,GR,10,Elj7vB7z06
1,GS,10,7yze0OjGKb
1,GT,10,KQkNyWBjRJ
1,GU,10,5o6DeBOwr3
1,GV,10,xv61gaEX53
1,GW,10,ZzlLJxG19e
1,GX,10,0Bev8A16yk
1,GY,10,47LApxAZJm
1,GZ,10,M4Nm8JPXqV
1,G0,10,eQwD27mLV8
1,G1,10,kagrWXGbRA
1,G2,10,98XBx8Bgzx
1,G3,10,LGb0GK0vXD
1,G4,10,9KWzRgnGDa
1,G5,10,Kz5myd6QgX
1,G6,10,EBM7doGep2
1,G7,10,z7lgMNpE1Y
1,G8,10,EPgdBQkA07
1,G9,10,v4KGl9edVY
1,Ha,10,J31P5rwZ7K
1,Hb,10,oqRrg7rQvg
1,Hc,10,zdAymWQPGD
1,Hd,10,xVAXPy0lP2
1,He,10,nm74734VXb
1,Hf,10,oW9g4zYKB0
1,Hg,10,0lyRlAEYBb
1,Hh,10,NYBgax12r8
1,Hi,10,A45jy6qzlJ
1,Hj,10,v4VPKeq0Ym
1,Hk,10,6PaMxLMAdk
1,Hl,10,na86P46rGx
1,Hm,10,kOR4aJZJAg
1,Hn,10,3nZm32xAl5
1,Ho,10,erZKdAplnJ
1,Hp,10,gxDo6M5NrR
1,Hq,10,j3pxZElE08
1,Hr,10,kALdONpJ7R
1,Hs,10,dYGDpNojpB
1,Ht,10,QLY8wM6XmB
1,Hu,10,XYpj4omxDv
1,Hv,10,YgMk95kjPe
1,Hw,10,ZowbyWJezy
1,Hx,10,QN5g1qg2Z3
1,Hy,10,3Bv7RN7n4j
1,Hz,10,D9Valxax3w
1,HA,10,5qOB4pB6aV
1,HB,10,5PpydpyLrA
1,HC,10,05l3PBbLz4
1,HD,10,3DLyLam4ZQ
1,HE,10,MaeNyaN72r
1,HF,10,LYoJwxarmz
1,HG,10,1jEJwzOK8q
1,HH,10,3OV4wBlQze
1,HI,10,lM3RpKQjZo
1,HJ,10,DmX1xL1oO8
1,HK,10,gEDKwp3P0L
1,HL,10,Lx3ad4aOWq
1,HM,10,kgopOJ4d7N
1,HN,10,bN74gXE5zp
1,HO,10,B1xRWa0rzO
1,HP,10,DpYOQVdeoq
1,HQ,10,APmJ4r2O0g
1,HR,10,WqJ9mLa0Vg
1,HS,10,o85pxDp0dm
1,HT,10,9pavGovKdQ
1,HU,10,GEbolLonlN
1,HV,10,3nRDywgE0y
1,HW,10,p1vKYQKD5O
1,HX,10,rjVLERkbN7
1,HY,10,XmoR65beWj
1,HZ,10,lpQg45jqVZ
1,H0,10,JQ6zZjzrvG
1,H1,10,XW0AKjzLGP
1,H2,10,e6GalzyYBO
1,H3,10,d0o6d8693G
1,H4,10,xkvoyEoyRP
1,H5,10,APDo2DGXN2
1,H6,10,K1pOoRX8zm
1,H7,10,3vGaP4aWor
1,H8,10,8PyEv3pLk2
1,H9,10,Zm5Vzg3gxq
1,Ia,10,lkvXnvX12E
1,Ib,10,wAekER0Zz1
1,Ic,10,NqnZDe0QWM
1,Id,10,NZWM4w1mbv
1,Ie,10,E0zgr0MKeP
1,If,10,r69yvjyQlk
1,Ig,10,9gRpk5GEeO
1,Ih,10,6YQvQ0lzJK
1,Ii,10,54Alynwpvj
1,Ij,10,GjWkL4kXdP
1,Ik,10,OLRZynwoyK
1,Il,10,E3VpdEOmq1
1,Im,10,mKbaAk0k2A
1,In,10,lnQkEzx7aj
1,Io,10,oKEdDjnq3l
1,Ip,10,8pJ4w74bPV
1,Iq,10,deDZpJgoLr
1,Ir,10,q2vAR97lMZ
1,Is,10,qWGeOGekBw
1,It,10,yV6glzJvdj
1,Iu,10,qRWObKlvBm
1,Iv,10,yWaXz3LnZk
1,Iw,10,maMnlerlJ8
1,Ix,10,DrqpKZvZLe
1,Iy,10,Wp62a12GXA
1,Iz,10,RAV3NR39aY
1,IA,10,ZyKAwPeRN1
1,IB,10,P1qxQYx8ER
1,IC,10,DVXewOeBMx
1,ID,10,bkX51LgKj1
1,IE,10,JwEZyqZkj4
1,IF,10,1qdGw1aw4r
1,IG,10,vP9bk0e01p
1,IH,10,xPk2q52v3m
1,II,10,mY3w1vbEJz
1,IJ,10,2rQL2a69Rm
1,IK,10,KV3bwdZ7zO
1,IL,10,BrA6Lk4ZR7
1,IM,10,mLrAbxlBEZ
1,IN,10,zlv04ZBn69
1,IO,10,O4rveLQp6d
1,IP,10,3a0x3bneAV
1,IQ,10,oApbKkbqVv
1,IR,10,M8GxwXDEp0
1,IS,10,P9OZwQlroL
1,IT,10,D5rn9vaOgA
1,IU,10,x5kbV04pXK
1,IV,10,PGyqPmOZ0n
1,IW,10,GKE0GvyNJD
1,IX,10,jVaE7bxMJX
1,IY,10,7g1rKQqDyZ
1,IZ,10,5lAMZxdxev
1,I0,10,d8VDX3YxKN
1,I1,10,XZ8bnrbpBn
1,I2,10,dG26gARLl7
1,I3,10,0mBeMPpA4o
1,I4,10,1zVgW47Ynl
1,I5,10,yRBOnyKXEp
1,I6,10,02Q1oW1dD3
1,I7,10,rGLzl4zEwV
1,I8,10,GgkRkYAPwX
1,I9,10,2WkyKROl65
1,Ja,10,wNRbJPBJzO
1,Jb,10,leXbawDA1g
1,Jc,10,AmRznkOYKa
1,Jd,10,Z7MYEp3X8b
1,Je,10,qKZNxXN7pd
1,Jf,10,j1ZdgnmleQ
1,Jg,10,7YoeaJn61a
1,Jh,10,8K3Rwmg0Mm
1,Ji,10,RvA9Xl9PoL
1,Jj,10,r9ndw5zKeA
1,Jk,10,N6JxgQ9D2L
1,Jl,10,xRVvDGde6o
1,Jm,10,XxEg8JRYry
1,Jn,10,PV8rxbvQDy
1,Jo,10,nPV9LwKEgN
1,Jp,10,06geMrkAlK
1,Jq,10,KZEWLwm0x4
1,Jr,10,n4BaZDg3Jm
1,Js,10,DEreqN6a2q
1,Jt,10,D6VOBdo3bJ
1,Ju,10,XBMRB4elYV
1,Jv,10,nzQgaNWDLN
1,Jw,10,lmGVboJ2nD
1,Jx,10,6mWpdmgL30
1,Jy,10,jORM2ABNbV
1,Jz,10,P1woAEoWZm
1,JA,10,oDJWp8WqLZ
1,JB,10,840Z6yvRJV
1,JC,10,BPrkwgk3qb
1,JD,10,qN1pJ1gn76
1,JE,10,0e1mWzBdao
1,JF,10,EDOadLaLNv
1,JG,10,yNMbAEbldo
1,JH,10,XnZepw6zJl
1,JI,10,gp0nJjnEBZ
1,JJ,10,vMyoX592zW
1,JK,10,ELV136mjap
1,JL,10,y71DEkdM3E
1,JM,10,lV9ZoVmQkN
1,JN,10,dnKgxOpvQb
1,JO,10,aR84wA9XG3
1,JP,10,dWvg5eg9wK
1,JQ,10,GmbxwWxOKQ
1,JR,10,3PAdO4aOE5
1,JS,10,la0bE8oO6m
1,JT,10,zdpGwkGygm
1,JU,10,y74GBeDV0a
1,JV,10,b9Pgk6AXOz
1,JW,10,9blV4lVeBw
1,JX,10,Okjdwj2Eo4
1,JY,10,0LQRZxgNP3
1,JZ,10,9y3g45z7OG
1,J0,10,NZWovJodM8
1,J1,10,aOR9n5Z1VG
1,J2,10,wOLj6NjYrQ
1,J3,10,40xkMNmOz6
1,J4,10,zMLX2zXYqm
1,J5,10,7aRQolg3nP
1,J6,10,dz5vmGN8ZM
1,J7,10,9m7RX8RpGQ
1,J8,10,9D1Q10awqZ
1,J9,10,WvjZBJZynr
1,Ka,10,jQOg0pgYEJ
1,Kb,10,JwE4EQ46j0
1,Kc,10,JDBOZyeEGW
1,Kd,10,AywrqwPa0Z
1,Ke,10,x16gbzgbAB
1,Kf,10,VkAjdko2MY
1,Kg,10,wylGeOjD8z
1,Kh,10,Kmg4gjdPJr
1,Ki,10,d6VQ89eWER
1,Kj,10,XDLNwD7K8o
1,Kk,10,217bwY0eDL
1,Kl,10,Yd6mwxVrRw
1,Km,10,JD5aEBl8qe
1,Kn,10,0a83KdD6Gv
1,Ko,10,l27Zbpd9k1
1,Kp,10,J7kRo63K2A
1,Kq,10,jO80DjlPdV
1,Kr,10,vKrarBa5Oo
1,Ks,10,qRGb2ZbJlV
1,Kt,10,dDQOl5oz9B
1,Ku,10,mpgrdNAGOR
1,Kv,10,EArgzrgXN5
1,Kw,10,G83Mgal6Jp
1,Kx,10,glpd4kbJw7
1,Ky,10,DKYlwaO3ra
1,Kz,10,MxaomyowPO
1,KA,10,dmbgvVgZzw
1,KB,10,m2xOY3oALp
1,KC,10,wJ4KA5KbmW
1,KD,10,Kzxoqvdj8n
1,KE,10,oqMjlmrl0n
1,KF,10,xea2aq2Kny
1,KG,10,xXNdbGjOz6
1,KH,10,xOaPBAQAkE
1,KI,10,9zdjKBpV2b
1,KJ,10,oJPeLrX8Mb
1,KK,10,J579lArZRy
1,KL,10,M15RvnRa74
1,KM,10,7GXKMPeMVN
1,KN,10,OJqj5EjeAX
1,KO,10,D9y0wajrn8
1,KP,10,2m8GyZNAYn
1,KQ,10,Ab5MrYQg4x
1,KR,10,JdWgJZgwq6
1,KS,10,Jv6Zez4kBx
1,KT,10,6geWo6anKY
1,KU,10,NQ1pyjbOgM
1,KV,10,Bn7OKA2pv6
1,KW,10,6W0GKdyZ1g
1,KX,10,QM0wZd1DZA
1,KY,10,RrPbKVQyMq
1,KZ,10,EgxRAERroV
1,K0,10,6JKaR2aebw
1,K1,10,mBz7Mm73Go
1,K2,10,PeYWoeq8ka
1,K3,10,2QLKb7jRZx
1,K4,10,Nzp1KNRKne
1,K5,10,kNY0envKqy
1,K6,10,eAv7GYyMD9
1,K7,10,qRAeWJyYob
1,K8,10,ndz6b262Kq
1,K9,10,wlPGmAG6BE
1,La,10,j4N7Dj5naV
1,Lb,10,86y4bJ4J0E
1,Lc,10,0kpv0KYB39
1,Ld,10,Z49keodERr
1,Le,10,KMd7gy1EYg
1,Lf,10,dy76BN6GvA
1,Lg,10,ReAknVkoP2
1,Lh,10,wV6ozD35bn
1,Li,10,VPEdwYQjM1
1,Lj,10,GprNBVN49M
1,Lk,10,jz1EmByQVg
1,Ll,10,BorxEwdElb
1,Lm,10,eMj1DjbxPR
1,Ln,10,49kgk4aAP5
1,Lo,10,K4VqO7q1Jr
1,Lp,10,1lYeaZg5Aa
1,Lq,10,ynaNrpgkDw
1,Lr,10,zQJnvmYOxP
1,Ls,10,dVZ5LRnRvz
1,Lt,10,05eEgdWbVd
1,Lu,10,98eQDBqwK6
1,Lv,10,wKzkvXm2Ev
1,Lw,10,2p81KxZ7Bg
1,Lx,10,36PgynrJXb
1,Ly,10,X1pKQvLr6A
1,Lz,10,6ALbQjdzKX
1,LA,10,W8PQ7ZxaDO
1,LB,10,e1joLMB8lW
1,LC,10,MxNbJ7DmzA
1,LD,10,oG7rlvAbME
1,LE,10,AmWyNgJ1R3
1,LF,10,MbWg17d95q
1,LG,10,MnZG6zG1p3
1,LH,10,XMgxL2oQzV
1,LI,10,xmKXANq2n7
1,LJ,10,Jo8LVBLkEZ
1,LK,10,p7YR7rXBW5
1,LL,10,QOmdwWdjzA
1,LM,10,Kldn6bnoz4
1,LN,10,zRwgx1m2kM
1,LO,10,bm3VL8VrOv
1,LP,10,YQMDk1glN3
1,LQ,10,AQevGjom18
1,LR,10,R4qnazlJy0
1,LS,10,V0OWXjx3Kq
1,LT,10,pyqa6LeYxB
1,LU,10,4O0gL9NmGM
1,LV,10,Jw6DKRdnK7
1,LW,10,xOdY4Jqre4
1,LX,10,kY0emDaLPJ
1,LY,10,BbgGvwWJXM
1,LZ,10,ykOJmwdNP9
1,L0,10,69ReLOdyLm
1,L1,10,V3g1R612Ob
1,L2,10,r3BgKd4qaW
1,L3,10,L6q1LWRZ0a
1,L4,10,v20laWdM7x
1,L5,10,jqxEAYE2V8
1,L6,10,A9ygdja1vj
1,L7,10,7yWk9WRQbz
1,L8,10,PWJGEDa4Bb
1,L9,10,3dzR35L1Vm
1,Ma,10,b2zaeKwgBv
1,Mb,10,Yy5qoeOmoD
1,Mc,10,47zdpDdvEn
1,Md,10,Nl0amV3BwG
1,Me,10,z8jbwpDw9N
1,Mf,10,6EYOL39nGX
1,Mg,10,rnDOMNKj32
1,Mh,10,6WeRkL9DwJ
1,Mi,10,eWglbBl8Gy
1,Mj,10,aL78Ay8dYj
1,Mk,10,j8qpKDyRX7
1,Ml,10,Ej1pwxdX25
1,Mm,10,ozPM8v0wEY
1,Mn,10,LKpM3yG6je
1,Mo,10,GRVjdWpq86
1,Mp,10,9rGBqyBvRE
1,Mq,10,NvBep3bg8z
1,Mr,10,MgkRwJ72Eq
1,Ms,10,58QewVjJrn
1,Mt,10,yGev4KE9bd
1,Mu,10,oKdm4oA6Qe
1,Mv,10,oJYmGbqQBr
1,Mw,10,m3kbGB0O6v
1,Mx,10,ZjnM6AvWEg
1,My,10,NMAek1pwJz
1,Mz,10,eVNReYR21a
1,MA,10,9pJobvo8aw
1,MB,10,Y9VDYw5zZe
1,MC,10,9DdkpNno3P
1,MD,10,q5dGonZ3lz
1,ME,10,yrYnyNj70k
1,MF,10,39yxYVBQlv
1,MG,10,6PRLyWb4eQ
1,MH,10,mQqbwkbWV4
1,MI,10,LXQbnrbM1D
1,MJ,10,1goEkpqQRb
1,MK,10,L2XjKdl8xG
1,ML,10,A8G918jVqb
1,MM,10,9EWj0pjwBm
1,MN,10,QOpdpVabqR
1,MO,10,3ad2y12RjW
1,MP,10,Okylx4lMxn
1,MQ,10,Qz7bK1lJ2j
1,MR,10,BoxZN1PwGj
1,MS,10,awJep5jPm4
1,MT,10,01ZkqN7Den
1,MU,10,NJ3oDKePmv
1,MV,10,eAzxz6xlvX
1,MW,10,gz0d4DdwkW
1,MX,10,75pLx8Ld1z
1,MY,10,dOQx6NxEgM
1,MZ,10,V7g9m7B4vE
1,M0,10,Ly4m1wq9gO
1,M1,10,v6VKDEj5wm
1,M2,10,7yroKdxbzq
1,M3,10,YWbkv6kDvm
1,M4,10,npV65M6PNj
1,M5,10,xzJbw1O6EX
1,M6,10,OW4m1GEg1l
1,M7,10,9PAG4rjgNr
1,M8,10,21lxNE9YBp
1,M9,10,bP5lpAQYoE
1,Na,10,KDXg0VqBrP
1,Nb,10,6PngG5Mae4
1,Nc,10,eYr6L06vN0
1,Nd,10,NgpBQ2MEqy
1,Ne,10,9PMpqB7oar
1,Nf,10,pJWvYbyVEb
1,Ng,10,okeXqkOGvp
1,Nh,10,zoeqW03MZA
1,Ni,10,Wx2Bq1BdgR
1,Nj,10,q7egyz5paW
1,Nk,10,AZlgbk9Rx8
1,Nl,10,EjplK6vz17
1,Nm,10,XzWOoqRErV
1,Nn,10,dPJjg9LW0w
1,No,10,4qwp2rpkyz
1,Np,10,n1Xal38LxR
1,Nq,10,1PvD5n95Nq
1,Nr,10,PDyqmodkEB
1,Ns,10,Knx40moO1D
1,Nt,10,WXDE18q82P
1,Nu,10,gXVl0Qj6YA
1,Nv,10,eKX8mkW0x7
1,Nw,10,70oLvzLAkO
1,Nx,10,RV7jQ4ynkY
1,Ny,10,Na59aNb1GQ
1,Nz,10,6jlO9DaWZ7
1,NA,10,O9vR9vGQaj
1,NB,10,bnRJ5RN2Go
1,NC,10,Rqm80L8QkX
1,ND,10,lvxgAbm9DY
1,NE,10,bqlDAovg9r
1,NF,10,EK8kq5kqlB
1,NG,10,Kg0G3YWR6L
1,NH,10,Vr6opXoZyq
1,NI,10,z3J7RQ6Vam
1,NJ,10,80dlk8aM9j
1,NK,10,vQE1gmprOL
1,NL,10,D6wvKWvO3Y
1,NM,10,bWwRWDN83v
1,NN,10,oeGOd3Z5dL
1,NO,10,WYBMoRp5qk
1,NP,10,ZM0kg9lpEe
1,NQ,10,Zw6AnwxV1q
1,NR,10,EN2g1egZ3d
1,NS,10,dKwbMwqYaW
1,NT,10,Reran4X8A7
1,NU,10,oJjRZE3mQW
1,NV,10,lJkEaGgOnv
1,NW,10,y5gRvLKneW
1,NX,10,G2gadla9m0
1,NY,10,305pGbdbvA
1,NZ,10,pMR7KVPd1Z
1,N0,10,x6OLORagnD
1,N1,10,7KOMRVMz63
1,N2,10,jBZzgXpqbk
1,N3,10,3J9Z3mXNEj
1,N4,10,wLpMyrgWKq
1,N5,10,m1vjnMOYk2
1,N6,10,PBRgPoyrl5
1,N7,10,pM5RD1o4zJ
1,N8,10,2mzgaV6bOK
1,N9,10,5ELd7LJZQG
1,Oa,10,DpMjp7l7NV
1,Ob,10,6nGgk4xaev
1,Oc,10,XdKop1AgND
1,Od,10,KXmWYGQO4j
1,Oe,10,xbNKeG4Z6D
1,Of,10,a4J1RY9dWM
1,Og,10,rJyb2OeRqm
1,Oh,10,yBb51xgEJn
1,Oi,10,lBEbKObY3r
1,Oj,10,LgraeVvZpB
1,Ok,10,NqEQpvn27y
1,Ol,10,WR1LKj5gyn
1,Om,10,xr30wZlgdB
1,On,10,1O0AoqvELo
1,Oo,10,e6ZWlLWd4v
1,Op,10,X46zw2OMql
1,Oq,10,qnzrpMAXwV
1,Or,10,9JY1qkwjd7
1,Os,10,EKaewWeQLR
1,Ot,10,MxY3E7w72z
1,Ou,10,V7zpOgpgGk
1,Ov,10,D18xKYqMzl
1,Ow,10,LVBlr9wGZm
1,Ox,10,OnxGYxmqpd
1,Oy,10,WXVOeBbz4j
1,Oz,10,8w1NgGN9Yv
1,OA,10,v8reDaJqV4
1,OB,10,Aj6WM6aEQx
1,OC,10,lEanQ6r1xG
1,OD,10,bLODvnDwM9
1,OE,10,DPbrb3j6Yk
1,OF,10,4YemKRgO5z
1,OG,10,aXYlGglRzG
1,OH,10,x3dRkORnE2
1,OI,10,JAk2aA27KQ
1,OJ,10,dE5oRlrlvY
1,OK,10,NR4GD10r6K
1,OL,10,dDAznvz97o
1,OM,10,2ogX92AG94
1,ON,10,xZJOnL1jpB
1,OO,10,xN6jnJjOd2
1,OP,10,ZqorOKrMyg
1,OQ,10,mDManpL5gY
1,OR,10,ZXyA4jODW8
1,OS,10,6JovZPl31y
1,OT,10,2g7GYjvwL1
1,OU,10,ENmJpm0Rg7
1,OV,10,y9VKr1WwQl
1,OW,10,3JpolM6wgR
1,OX,10,amxENA1lrX
1,OY,10,BwQlb6lm85
1,OZ,10,gRK9zamMpw
1,O0,10,Y91v87LO8a
1,O1,10,glKeGqWXjb
1,O2,10,jqMZobrb3D
1,O3,10,X1Rk2ajzJ0
1,O4,10,omqQKkQ5Ma
1,O5,10,vB0lmWb1gQ
1,O6,10,ZWomqzBM51
1,O7,10,lwQX9vAOav
1,O8,10,3oqgpzRpaA
1,O9,10,7ZV04X0qGQ
1,Pa,10,yEzwPdw8Pb
1,Pb,10,nKpgkGg0PA
1,Pc,10,Z0v98nGKb3
1,Pd,10,pm84aJyq70
1,Pe,10,nNAZo4gLEb
1,Pf,10,a70Bd2Xk1o
1,Pg,10,wnXJeky10l
1,Ph,10,vlO0Pl08M3
1,Pi,10,JK9m9xW76M
1,Pj,10,mj4zqaz9p1
1,Pk,10,zx79N0Pq3E
1,Pl,10,BjylZPmxY4
1,Pm,10,54woZEyE7k
1,Pn,10,v4wW9vN7l9
1,Po,10,g62EwQZbBm
1,Pp,10,xRjadML8Qv
1,Pq,10,YjRv2xMaP8
1,Pr,10,0l1dGOdz9B
1,Ps,10,3y7QNonYzL
1,Pt,10,wVLlOklXnG
1,Pu,10,R5DvmOlL18
1,Pv,10,v5MovxarQl
1,Pw,10,QZpKGlLVD6
1,Px,10,4l9v7wvbNW
1,Py,10,GAV6EGyg4o
1,Pz,10,3b9o1R0qpA
1,PA,10,7KmVrml5rY
1,PB,10,o4aqNeB29x
1,PC,10,JbD9qL6E1P
1,PD,10,dvJ6kdW2yr
1,PE,10,W3XZldZvM9
1,PF,10,m85nqmnyzo
1,PG,10,yYV60wJ1oW
1,PH,10,Z8Rvd4vYo3
1,PI,10,2Ol40aqM8w
1,PJ,10,4mZwK0aOLv
1,PK,10,l7oBmbO4eP
1,PL,10,XMBaPWdqeb
1,PM,10,Xqr7rj7RDj
1,PN,10,DR3kEnayLl
1,PO,10,KNdlvX29Wg
1,PP,10,pmEdr2dkQY
1,PQ,10,PL04RYOv5R
1,PR,10,qdXor5gKyl
1,PS,10,elkQ2A023V
1,PT,10,nZlEgWEbOe
1,PU,10,7w0vWnEzlJ
1,PV,10,Kmz3Pm7eB2
1,PW,10,23MRG5BqxN
1,PX,10,J7AEe6Qz1j
1,PY,10,6aP7rDlQLg
1,PZ,10,rRxdWb760M
1,P0,10,pwjdwjEn5a
1,P1,10,Z89BwKBL0b
1,P2,10,89Yoamonjk
1,P3,10,b9KrVvrlaW
1,P4,10,KpYzdDz35R
1,P5,10,M6xgl1odaE
1,P6,10,vQZdgkdJLD
1,P7,10,VqweQo0a6E
1,P8,10,kbKrZygNPM
1,P9,10,zkVwv8eoN4
1,Qa,10,VrQGw3Goay
1,Qb,10,rPl4bV4pO0
1,Qc,10,ey54dX4pM7
1,Qd,10,76lA3b1REY
1,Qe,10,o6XlwXeqVR
1,Qf,10,WDG7xokrp9
1,Qg,10,ygml0LlnQ3
1,Qh,10,zj6WYD1D4o
1,Qi,10,LVRywDrqZb
1,Qj,10,N2WOQ0K9oZ
1,Qk,10,zRGAkzZ62K
1,Ql,10,r4X8qzn2pm
1,Qm,10,PlrpY6nJa7
1,Qn,10,VZagGNYxDE
1,Qo,10,ZPJbk5wXBE
1,Qp,10,awbm9WlrkP
1,Qq,10,kd8gbOARoQ
1,Qr,10,DZ3GmjQyOM
1,Qs,10,90mOe4kPgV
1,Qt,10,Xn3Q65yYgK
1,Qu,10,MzNeMqeDbB
1,Qv,10,DAmJrEOY4b
1,Qw,10,XEBbGObZNg
1,Qx,10,Yl0dpJv5pL
1,Qy,10,B6wbV8jvA2
1,Qz,10,4BMWkMrKxL
1,QA,10,KRAqe6Zx3O
1,QB,10,4O6dX1Yevj
1,QC,10,nA8G0NbdOQ
1,QD,10,n5plmelvzQ
1,QE,10,5PBrpOAv8V
1,QF,10,jN0EmOMDVd
1,QG,10,LYdbgQ0akA
1,QH,10,eP84Q02dEo
1,QI,10,N3JxyXvb6G
1,QJ,10,ZbaK6mz82X
1,QK,10,XZ3jAajqJD
1,QL,10,kGvqOBmYwJ
1,QM,10,KGynm6le8b
1,QN,10,MQNZEmZLJG
1,QO,10,NMWjp1KQpX
1,QP,10,VmD2EDvOGL
1,QQ,10,0p3QkrlXYv
1,QR,10,1A35Zr5OzP
1,QS,10,NxaAwNnZMz
1,QT,10,Kj6vyKpYAk
1,QU,10,XRdjG0nk58
1,QV,10,MpwkM6xy4d
1,QW,10,jL8ZQAZrd3
1,QX,10,o3R61WgemZ
1,QY,10,AWag2mKryV
1,QZ,10,Xxg538vj4y
1,Q0,10,Y15BYXJqam
1,Q1,10,l3Zbr1GOEB
1,Q2,10,27mk5n0Zp9
1,Q3,10,5q0eAvj2y3
1,Q4,10,4X1nJ0kNvl
1,Q5,10,qYl9bR9z0B
1,Q6,10,MEj1QJnoL3
1,Q7,10,ajYkpqw7P9
1,Q8,10,379NyJxYMg
1,Q9,10,Q4RyrEl0OA
1,Ra,10,KBqleNyj01
1,Rb,10,VA84gbodgD
1,Rc,10,J2g1m8RMbp
1,Rd,10,0QbR2Q9kzp
1,Re,10,elGbMLpOVd
1,Rf,10,Dabo59o1ZY
1,Rg,10,Eq71MXoaed
1,Rh,10,X4J0ay0okN
1,Ri,10,BY9ePAJQgN
1,Rj,10,LRyPd7q6jp
1,Rk,10,n0VwxAbPWl
1,Rl,10,lZGmYpQDMy
1,Rm,10,zAnyaN6NY5
1,Rn,10,zZLmxQow3v
1,Ro,10,M4VEdn1O2Y
1,Rp,10,roGkeMk3bQ
1,Rq,10,JdXZl4Zo2W
1,Rr,10,EXYkyzjK10
1,Rs,10,n5YPoRWqj6
1,Rt,10,7L3JvWNY9B
1,Ru,10,4REO21rlNo
1,Rv,10,6rlqoGqJo0
1,Rw,10,P7j6LkJyG9
1,Rx,10,eK1avnaP8G
1,Ry,10,EjBPdpPdgb
1,Rz,10,OoVgkXZx8d
1,RA,10,A7jxbvxygM
1,RB,10,wqWo9yoAQb
1,RC,10,rwg1EgxzLX
1,RD,10,LaZlp2dR9A
1,RE,10,LKZNJ5l0wv
1,RF,10,l09aPqgRjm
1,RG,10,mY2Qo2AdN3
1,RH,10,BYeWz5gvdx
1,RI,10,a2xJKn638Y
1,RJ,10,8ydlado3Oa
1,RK,10,z4mlrblG32
1,RL,10,2KJoKdaLEz
1,RM,10,85ZQRqEwXd
1,RN,10,YnRkyQkrV8
1,RO,10,0Wy7xvwjE4
1,RP,10,1wVgm80nq6
1,RQ,10,5RxD28rpKg
1,RR,10,ezbom5okw3
1,RS,10,rxGmxGEbdk
1,RT,10,oO6WKblXLM
1,RU,10,2NW3wW3Ydk
1,RV,10,egBaDGr1YP
1,RW,10,67dp4AkROn
1,RX,10,D9VkZBky83
1,RY,10,ozZKlqL34J
1,RZ,10,ZkOvqBa31q
1,R0,10,p1odgodwq7
1,R1,10,KxV5aWMqr2
1,R2,10,XxbBbxWGqD
1,R3,10,xnA3KJmbeN
1,R4,10,pn1k9zgmoK
1,R5,10,8BVDVZDAj4
1,R6,10,0mG1mXgYVj
1,R7,10,MqAN1pRorQ
1,R8,10,GYXaLE4K2j
1,R9,10,7vLdON48jP
1,Sa,10,wkVGwKG6aB
1,Sb,10,mM793ZYx63
1,Sc,10,1G6lM0W08g
1,Sd,10,NQKonyaYld
1,Se,10,pRJgn6gwxY
1,Sf,10,PEOo9mozKA
1,Sg,10,BEMQ8geYpn
1,Sh,10,GZR70Z9ko3
1,Si,10,Z85bG4A7L3
1,Sj,10,1arkDAwjbQ
1,Sk,10,l8DdbAyoq5
1,Sl,10,lNP0dJLbK2
1,Sm,10,G1VjwOjKJa
1,Sn,10,Yy81x81Wo6
1,So,10,P5AdlyevW8
1,Sp,10,Rd3a9ea1Xv
1,Sq,10,2mxroeyp1J
1,Sr,10,KQN3nOE6zg
1,Ss,10,ByoOQRpkVd
1,St,10,DloJyqJa4z
1,Su,10,zkMa6EeN5r
1,Sv,10,nd1okBV02r
1,Sw,10,LAV4eZM1Ow
1,Sx,10,1Y9LXzR2gn
1,Sy,10,GqwnRoeMER
1,Sz,10,7OoPb6Pb1D
1,SA,10,dy4DlAqXY2
1,SB,10,DjK9MA9Rzo
1,SC,10,8p6MnEokwD
1,SD,10,vaoxJX64yO
1,SE,10,pQAGpyjmOP
1,SF,10,o2p1AE1PwK
1,SG,10,ONkA9Oy7mY
1,SH,10,k0DaRoLjBV
1,SI,10,8ZYnkKnkoJ
1,SJ,10,MRXyXQkJNr
1,SK,10,PZBpkLd1EM
1,SL,10,6gELDaRzDX
1,SM,10,O3Qe0KjJq6
1,SN,10,6WyzyraQk8
1,SO,10,zo5leWQ3Dq
1,SP,10,bOnZgrLByw
1,SQ,10,6OPrYjAx19
1,SR,10,3wJ8oQLpWZ
1,SS,10,P0gGw9nk57
1,ST,10,05koWaQr7l
1,SU,10,zWNewge6QY
1,SV,10,B0G9vJ9NnP
1,SW,10,npqwZxd3Zv
1,SX,10,5ynDklqYaR
1,SY,10,6mWlO8r7wY
1,SZ,10,DKLjwaZ076
1,S0,10,95WodNPVDx
1,S1,10,MqpAekwJgd
1,S2,10,V0wx0BW1pN
1,S3,10,je8vrQAMmW
1,S4,10,XaJxvwnD41
1,S5,10,L3Vep9oX1n
1,S6,10,XGRZRlLOxk
1,S7,10,dYarw1G0q5
1,S8,10,ovpb3zdWlV
1,S9,10,rgVnbaem8b
1,Ta,10,nD091A9kjy
1,Tb,10,jw6gowgReY
1,Tc,10,W0nvqBpxOz
1,Td,10,g2Vad0aYX9
1,Te,10,xQZoxrYOKa
1,Tf,10,5J6VgoVwM8
1,Tg,10,9n6bVgQV23
1,Th,10,vEXdvEQ795
1,Ti,10,PL2N9ENA34
1,Tj,10,ze5qK6bxVl
1,Tk,10,O4Ex3KxDar
1,Tl,10,wJDoEPerq7
1,Tm,10,yMYr41Dp3X
1,Tn,10,zLG9pvj4B8
1,To,10,w8YROwR4lq
1,Tp,10,bzxkneWwaO
1,Tq,10,ERabyWKyDW
1,Tr,10,WbPa2ja1Oz
1,Ts,10,DO4LXVbzr1
1,Tt,10,r0jAE0a5mo
1,Tu,10,4wNWBZWZR3
1,Tv,10,0erga6mRBv
1,Tw,10,yMNoXKJx7G
1,Tx,10,MdrZQJaRO8
1,Ty,10,oVmze9zeQ0
1,Tz,10,DE3VoLaqQv
1,TA,10,Ney1v4gQkp
1,TB,10,5ByWpJa1zw
1,TC,10,REebn0Zlk2
1,TD,10,Mz9oVqgdp8
1,TE,10,oD2BnmjE6q
1,TF,10,dJWmdPm78O
1,TG,10,1dYEYKvJ48
1,TH,10,KqndgxeLl9
1,TI,10,X015a4QlAZ
1,TJ,10,Werzb3gBGR
1,TK,10,q10OwVmPQz
1,TL,10,zVMn2LamJ5
1,TM,10,aDnr75OpQo
1,TN,10,MQPyZem5p1
1,TO,10,28qe9DKaJw
1,TP,10,3ljQ9xamWJ
1,TQ,10,A2W7orB3Le
1,TR,10,DBGqwGqmyL
1,TS,10,Oa3L9B48rl
1,TT,10,V1QpwQgxk6
1,TU,10,28ZzLKoVLX
1,TV,10,Jvdgk9bP6n
1,TW,10,vEqjGQYw4g
1,TX,10,bprxa3dXqG
1,TY,10,pMrXbvX7gz
1,TZ,10,YMajOyr69o
1,T0,10,W03LWeG69r
1,T1,10,V7qYJO30x1
1,T2,10,6awzr0QlZD
1,T3,10,Z1wXwoXObp
1,T4,10,KkXe135gB4
1,T5,10,Wd0x7kxy5v
1,T6,10,Wd14wbDKey
1,T7,10,VpMa8LaKOL
1,T8,10,XKRjk8ob20
1,T9,10,zqx9LyOKED
1,Ua,10,OBVNyrnmWD
1,Ub,10,lkbrxVZNYn
1,Uc,10,Na4d4ArEPZ
1,Ud,10,qVmxY1xzg6
1,Ue,10,YXzrbKlgP2
1,Uf,10,xVlnKGngwG
1,Ug,10,DE7gAp8NYZ
1,Uh,10,3j0EAVNe5g
1,Ui,10,6ZPjnlGD2N
1,Uj,10,4rEvyxonqy
1,Uk,10,YbvjnEANk3
1,Ul,10,P8D1Q51xdO
1,Um,10,8GvjlZbzMg
1,Un,10,0ANzMAzBOG
1,Uo,10,2j7rKMZv8Y
1,Up,10,2AbYV813Pz
1,Uq,10,Ye2oelp5vV
1,Ur,10,rQ859OGE06
1,Us,10,1EK6abnB3D
1,Ut,10,Vy7omEo96l
1,Uu,10,e7KlYLm1wQ
1,Uv,10,q47zEezvwN
1,Uw,10,JZklwKlpEW
1,Ux,10,dLYPQGRbeX
1,Uy,10,3yRewdgzxm
1,Uz,10,q9k0xl0R28
1,UA,10,v6zrl1An48
1,UB,10,vky30l3EaD
1,UC,10,X9veWGeQo7
1,UD,10,lmnglGVvKO
1,UE,10,Nkzp0Kbvjw
1,UF,10,ZGXqYwPYDR
1,UG,10,myo6rQgK4a
1,UH,10,qkobKob07R
1,UI,10,aXKperbm7O
1,UJ,10,j2voEjKlR0
1,UK,10,yYplMqlgmd
1,UL,10,8KVjRlqy2B
1,UM,10,1EylwJVkdG
1,UN,10,J5NjQKZYxw
1,UO,10,N39D83ez6R
1,UP,10,Q5ely79MZ0
1,UQ,10,4oKG6KAWpg
1,UR,10,kxXR31V1ND
1,US,10,NYaweYwr9v
1,UT,10,Rkxy4vLKJj
1,UU,10,QovbnYrpq7
1,UV,10,k6PGD5xQa4
1,UW,10,nvXGEkbW93
1,UX,10,mnQ6eOlJvL
1,UY,10,y8MbGdlKJ1
1,UZ,10,YlWmLV0bRX
1,U0,10,dQzZMX8MAk
1,U1,10,abV9M7eMDl
1,U2,10,A3QyZNyjdL
1,U3,10,91VlbwjBmp
1,U4,10,M758o38bze
1,U5,10,q06jD7bE9a
1,U6,10,nMNd43jrlE
1,U7,10,pajy9jbMKB
1,U8,10,P3moynw8rE
1,U9,10,gznKvRKy9O
1,Va,10,dBepBvp2a5
1,Vb,10,z9OgOvWPbA
1,Vc,10,eRVmNzm5aA
1,Vd,10,5boLexW87j
1,Ve,10,q0O9071G5K
1,Vf,10,paqOvnOGbY
1,Vg,10,l9NeErA8pg
1,Vh,10,9AdoRK1nxv
1,Vi,10,dJzm9zq67o
1,Vj,10,6oxkq1kzQy
1,Vk,10,nQDNyBZR4g
1,Vl,10,xP3eL9ZYDX
1,Vm,10,13EbzZbaLA
1,Vn,10,E4JXkpaD5R
1,Vo,10,a10Gmk5BPE
1,Vp,10,6RjO3AEXYo
1,Vq,10,MNlDGvnV81
1,Vr,10,LZKgd6Bbv9
1,Vs,10,DRXl10zPnw
1,Vt,10,dz0LgylYRr
1,Vu,10,XpaL1ML6KB
1,Vv,10,QK8XBmg43x
1,Vw,10,1xyYNMp4gO
1,Vx,10,5zxgyGd2nj
1,Vy,10,Za4eEAelOM
1,Vz,10,DlnKxYb8Zd
1,VA,10,EM60rMD58A
1,VB,10,35yopkd28E
1,VC,10,QGdYJ0k7Wn
1,VD,10,67eqbePKWg
1,VE,10,oqvYGjreZ2
1,VF,10,RM9bJxLk0q
1,VG,10,x1XGZ0aYjV
1,VH,10,9Lpelqg2EW
1,VI,10,8gOKwR140d
1,VJ,10,DkpKBe1AV5
1,VK,10,9lpmZDJLyg
1,VL,10,zK04walN5P
1,VM,10,6pnRGvyMWK
1,VN,10,r43gxlgeOj
1,VO,10,xjE7zaNgR0
1,VP,10,GlW6WqOZ1V
1,VQ,10,xwEeLXeJGr
1,VR,10,j7dna4v5ry
1,VS,10,5ePxbLYdwr
1,VT,10,6AxpJ3mPNa
1,VU,10,y6XqWp2mov
1,VV,10,3wqogOoe5D
1,VW,10,yd9MN5WX7J
1,VX,10,xZ6em6852n
1,VY,10,4v5mW12oDe
1,VZ,10,mA4dO3dqDG
1,V0,10,LjDEry1nv3
1,V1,10,8bJ0OG0P4k
1,V2,10,MEXa4Z85ro
1,V3,10,1eYGJ6GQaj
1,V4,10,JZ2eawdkMY
1,V5,10,dQ8WYZm23k
1,V6,10,3Pqyd7oOVE
1,V7,10,G5Jk5XR9Zz
1,V8,10,04qWgVPMLd
1,V9,10,24o14WGKMk
1,Wa,10,oqPn4rbK7L
1,Wb,10,rPDEPbGKVO
1,Wc,10,VDZbOYeakj
1,Wd,10,JBx2lYLmXe
1,We,10,QjK2nMB0Og
1,Wf,10,g57dLYNrMQ
1,Wg,10,2ywbn8W6nq
1,Wh,10,502l016aYo
1,Wi,10,PaMGb5ley2
1,Wj,10,aRoz93ePLJ
1,Wk,10,gzajpMn3KJ
1,Wl,10,NbxXk7Xl9B
1,Wm,10,73vKanDM0J
1,Wn,10,xo7zy3EmpO
1,Wo,10,BxP6Qa6VEn
1,Wp,10,q1Q5lyaRem
1,Wq,10,2GVrAEroYy
1,Wr,10,qV9dD5rL1l
1,Ws,10,B43ew8kOJg
1,Wt,10,N741wAKe9l
1,Wu,10,1X5A2xQKld
1,Wv,10,01AERpNQX3
1,Ww,10,VGNpAJn4W9
1,Wx,10,rX1vBLqoyN
1,Wy,10,yL7ekp2Yvr
1,Wz,10,oYGkA5kQ4D
1,WA,10,dZJAlPApa7
1,WB,10,r4RORYBAkw
1,WC,10,q8RPexldE1
1,WD,10,rQOLYQLJXM
1,WE,10,rMOeywpLoy
1,WF,10,BPLzRxk9Xd
1,WG,10,yXEel5opm5
1,WH,10,zDdLDmQJa5
1,WI,10,n0Ajx1poDx
1,WJ,10,AgpRmqRkmv
1,WK,10,MdLwbglQeq
1,WL,10,61Kaq05GWd
1,WM,10,62YnlRD89d
1,WN,10,1dolpOjVY7
1,WO,10,nXqOy3eDJG
1,WP,10,jyPdNvdeQL
1,WQ,10,QK7lpznkAP
1,WR,10,dX7a1DJRw3
1,WS,10,aPRelzrEly
1,WT,10,pW89RDyPoe
1,WU,10,lQJOwQB4da
1,WV,10,xa5WyNGl4X
1,WW,10,PqDbwpdNyv
1,WX,10,Y4B2XG7jo3
1,WY,10,P6NARjA0R5
1,WZ,10,z6bB6xd984
1,W0,10,gpw7YBEvNj
1,W1,10,doJjaEjPlv
1,W2,10,vaeoGMEB3n
1,W3,10,w7DjdWGKpx
1,W4,10,xkq31ko21M
1,W5,10,zQgep6jJ2p
1,W6,10,0Jk56OyEMg
1,W7,10,QArlyBj91b
1,W8,10,XlOLM4vY5e
1,W9,10,MazOrDZ9YP
1,Xa,10,mwGzJaEyWk
1,Xb,10,m0Jjz4aeyM
1,Xc,10,nAKLBjLzWQ
1,Xd,10,XjWo5WLO9m
1,Xe,10,AV4EY7xgQj
1,Xf,10,nlRgLGdJ29
1,Xg,10,KkmOqox0wW
1,Xh,10,7LOZkYgvMx
1,Xi,10,2bkd3rj8Oo
1,Xj,10,gDEAaWdW3j
1,Xk,10,92d0wp3DkM
1,Xl,10,OrVZdOxKje
1,Xm,10,2aQYP8Yy7N
1,Xn,10,GDKnK454R7
1,Xo,10,1MWvEMv3dw
1,Xp,10,RO1omkdkz9
1,Xq,10,xw0OzvOYGJ
1,Xr,10,r1apmLgyw6
1,Xs,10,ZeD4w6W6OG
1,Xt,10,5ArmlrEZ1B
1,Xu,10,WwvEQPny8Y
1,Xv,10,jp8r2P6PnX
1,Xw,10,rZglJ0Eynx
1,Xx,10,noej5LBv6z
1,Xy,10,kOrVzPgol3
1,Xz,10,q45rvWg3NW
1,XA,10,Q9orGkrydx
1,XB,10,M5gjJ9naDq
1,XC,10,e12MvdAnmG
1,XD,10,7vLqzZqnwZ
1,XE,10,kp1N10lKxw
1,XF,10,GvMqmZneV9
1,XG,10,O3gJKgJDRE
1,XH,10,AZJ1wr7q5b
1,XI,10,vK1ndkqjl5
1,XJ,10,1Z594YxDQa
1,XK,10,yonpRrpD85
1,XL,10,Jyekxb9W7z
1,XM,10,m90WRKkRJA
1,XN,10,kKyjK8gJ0m
1,XO,10,2QJOMrnL9W
1,XP,10,1k60gmL4ZV
1,XQ,10,a4yY72qxG1
1,XR,10,ZQeqWanpYJ
1,XS,10,oGdxrEbK04
1,XT,10,7jXyoNA0Wp
1,XU,10,2EkqwynVBN
1,XV,10,5m7WaMWr2q
1,XW,10,MndRWjG1Kw
1,XX,10,LBJwd3kGj8
1,XY,10,dnlbQab0P9
1,XZ,10,De9k5VaX80
1,X0,10,Ynw4dAgm27
1,X1,10,xjkQZ2QB4a
1,X2,10,0zB9g0rvwq
1,X3,10,MmlZ3gZPzg
1,X4,10,Klng6bgo2Q
1,X5,10,mMyW9aWVLk
1,X6,10,JKjmE5mVQq
1,X7,10,bmOV6OPXWl
1,X8,10,NJOvazd8x9
1,X9,10,XO3qBnqAeb
1,Ya,10,J1RbnVb2L9
1,Yb,10,9wpKzLr7aR
1,Yc,10,B5kXbrXga7
1,Yd,10,0qVALEag94
1,Ye,10,2bQpOGpq93
1,Yf,10,9xQo4LowlZ
1,Yg,10,joD6GxL3BX
1,Yh,10,V0dJQomWOE
1,Yi,10,BgvnmW025R
1,Yj,10,pmNa92XAPy
1,Yk,10,kBqKmv0O2w
1,Yl,10,jNJXWPGOka
1,Ym,10,2vbAnkO7Ve
1,Yn,10,nKW2o32ZDw
1,Yo,10,oeJ1X2lVdw
1,Yp,10,138rOWrpxl
1,Yq,10,5kywyAwW0d
1,Yr,10,wW9LqKGzR5
1,Ys,10,DXvb2GegPW
1,Yt,10,ldaMPvr41P
1,Yu,10,3LNGXEpZRk
1,Yv,10,2B71ay1y9R
1,Yw,10,Br1obGlNLz
1,Yx,10,RayXoBQAlD
1,Yy,10,PD5jG5aA84
1,Yz,10,jwqGgnrx9K
1,YA,10,3DVgnZg1NY
1,YB,10,e7QA6k9OZo
1,YC,10,q3XlJ0KeY7
1,YD,10,n7bDkXgwW0
1,YE,10,1gZabXlN7Y
1,YF,10,9mPBk4wOG3
1,YG,10,RLAleBoqxV
1,YH,10,X07bw3bK6D
1,YI,10,K4EjAejQRw
1,YJ,10,MKxVPxV78d
1,YK,10,Yg6y9xjkK8
1,YL,10,94aEeZWGNA
1,YM,10,WLJbKrlBkp
1,YN,10,PKv5915MjY
1,YO,10,NEOkpaG7gm
1,YP,10,d65z9ezXoN
1,YQ,10,bEVnD7lxYA
1,YR,10,2a3qrKxypL
1,YS,10,krXbGwbVag
1,YT,10,8LVn6poE73
1,YU,10,G8xKmPwpL5
1,YV,10,89mgOvzY5x
1,YW,10,oynAk0lYOq
1,YX,10,Nno4KVBPbY
1,YY,10,5Y7gbrg4PW
1,YZ,10,gjvG1OmBq3
1,Y0,10,j2qvMyvpxY
1,Y1,10,yqDln9Qkz6
1,Y2,10,no7jzgVrOa
1,Y3,10,4MNrl6LY9d
1,Y4,10,Wp451dk73Y
1,Y5,10,EPjeD3l1pJ
1,Y6,10,3ly4qGYG5j
1,Y7,10,aOWjpWe6rz
1,Y8,10,AOy65Bo25Q
1,Y9,10,PZlwv9eRnq
1,Za,10,jqDyBZy5Ea
1,Zb,10,j2mKlLK5JE
1,Zc,10,wY1mJnmz49
1,Zd,10,RgLPaePxON
1,Ze,10,zbdrN6r6Gv
1,Zf,10,jNZBmeBxm4
1,Zg,10,nmqJE8aNZ7
1,Zh,10,NXJkgXyeD6
1,Zi,10,AqM5Lez96b
1,Zj,10,wOpZomgEd1
1,Zk,10,lkK564nqNr
1,Zl,10,o2WnRrn49e
1,Zm,10,lAYBGyzPng
1,Zn,10,z9gPaEPbo0
1,Zo,10,21Mj1Gmr9g
1,Zp,10,5kVn6MeMBR
1,Zq,10,yP0LwOLAeg
1,Zr,10,DJAKqgB7md
1,Zs,10,aK8M7eP7L4
1,Zt,10,O5dMoEW1mx
1,Zu,10,aZeBm6D5Yx
1,Zv,10,7GJgedqWY8
1,Zw,10,mnVyxe7v0e
1,Zx,10,ZE6dO1ADLK
1,Zy,10,4NjqJZqKPz
1,Zz,10,ypPgwrzXK6
1,ZA,10,KGNQ9bW94k
1,ZB,10,oeRyLnaNlB
1,ZC,10,bkrJ07nPw0
1,ZD,10,VeDWLrdPOq
1,ZE,10,ZJlyAONV3G
1,ZF,10,OAB4aB6d3X
1,ZG,10,M3lJoxa5qV
1,ZH,10,4rxedElk8P
1,ZI,10,YEgnz9qMoQ
1,ZJ,10,4qpzrBz7LA
1,ZK,10,Z1KjN15DqE
1,ZL,10,BPzdGEeJxa
1,ZM,10,KBkAmPgN1G
1,ZN,10,mAz6By9pq1
1,ZO,10,MlpKnoRwk2
1,ZP,10,AL2p7Pw7VE
1,ZQ,10,Gg8qVEjn2Y
1,ZR,10,gMDadrw8KZ
1,ZS,10,bQw6q96G1D
1,ZT,10,KqnygEm9O0
1,ZU,10,arg5yVOD89
1,ZV,10,MB0moBdJVD
1,ZW,10,yQLxKNpa4K
1,ZX,10,6mJke5kvYb
1,ZY,10,1zvZNM5aLq
1,ZZ,10,5xOkq8gQRW
1,Z0,10,a5g6nN6E9O
1,Z1,10,WmpOzpl4Nq
1,Z2,10,ZdjoaWg5lW
1,Z3,10,qyMDGyjXAd
1,Z4,10,Ov2gVRgRZ0
1,Z5,10,X9o4AN7Yea
1,Z6,10,Ke9Rgak4xr
1,Z7,10,MnYxGKxL0E
1,Z8,10,bYKgmL0dpO
1,Z9,10,BPRvdrADd6
1,0a,10,KbpqJePeOz
1,0b,10,VRMaL1460b
1,0c,10,rQRK23Jkx3
1,0d,10,4Wb8OLaDx3
1,0e,10,YBlbq31ejX
1,0f,10,JDOmwXgZ8L
1,0g,10,V6X7qY7WxE
1,0h,10,MWdqk4lxV1
1,0i,10,kL4vNMQ29p
1,0j,10,ZWOga1genX
1,0k,10,zZwy2X1YbB
1,0l,10,oGql0Z8kDn
1,0m,10,5BnpodgrJ7
1,0n,10,8lPjgKjGde
1,0o,10,BA6nlrjvVW
1,0p,10,38Y2B5o1Rw
1,0q,10,51VGpXGm7r
1,0r,10,R2YaJApb3E
1,0s,10,L1qkwEnWp3
1,0t,10,Mvbg1Xqx6e
1,0u,10,Y5gj1VE6Mn
1,0v,10,ay1qQpmDGR
1,0w,10,AadD2o7eyE
1,0x,10,PAG6gA5W1Z
1,0y,10,5Dq9ay9AVe
1,0z,10,bjqrE3gWpX
1,0A,10,KyvL6k74Je
1,0B,10,xg7z9xyGqW
1,0C,10,WP8BAp4MvL
1,0D,10,RM1JNbJav0
1,0E,10,R83QMoBnkL
1,0F,10,BEqm1pKJ4D
1,0G,10,LN2bENA8ld
1,0H,10,Y5koLDo8eB
1,0I,10,B349OPElAp
1,0J,10,MkBxk7xXGD
1,0K,10,2rYGRlDnRM
1,0L,10,8XvnzW0aP6
1,0M,10,9MmlW7lypA
1,0N,10,n236PYRoXK
1,0O,10,6Ma1PypQqR
1,0P,10,7g8kWnpJld
1,0Q,10,ZGVvG1ynaP
1,0R,10,j8p0WxPWmd
1,0S,10,b4Exr6xZDj
1,0T,10,RL3znNzaYw
1,0U,10,YjmZvXN4MO
1,0V,10,1x8OQWvrK9
1,0W,10,ZyEp4mjn5J
1,0X,10,GXRgNRgJOV
1,0Y,10,eQnryKj2vP
1,0Z,10,BOkjLo0Ezx
1,00,10,OMxjKMgQne
1,01,10,OWdlAyl8w4
1,02,10,BoErgELGwm
1,03,10,xvqjvynOdr
1,04,10,ydxaXzEYDQ
1,05,10,XroQvxgK9L
1,06,10,EZJ7Pr36ql
1,07,10,van4R1oY9M
1,08,10,b5Jgajqw4E
1,09,10,XbBlAV8qnO
1,1a,10,eWoaM5a2Ok
1,1b,10,Qga0WQp7G2
1,1c,10,k2xjGV6Gz8
1,1d,10,O1L6k76qVo
1,1e,10,QJj4eVl3EP
1,1f,10,J3Pj30vdAn
1,1g,10,rxnGMNbjKa
1,1h,10,8KgV87xdRD
1,1i,10,2ZJbGAeq8G
1,1j,10,yRAYwp1MwJ
1,1k,10,dVOQmjnL4l
1,1l,10,WgLmwyvYDZ
1,1m,10,rDBlwQZeb6
1,1n,10,pqRr1RzWLd
1,1o,10,yqkrDPrWzR
1,1p,10,Vp8QLqn5EL
1,1q,10,koPelWbmjd
1,1r,10,LayBDz8JPQ
1,1s,10,M16nvmQwWK
1,1t,10,6ekDY65yxB
1,1u,10,0975rmwLMr
1,1v,10,lNV8a0LowP
1,1w,10,8J41b9W0rB
1,1x,10,LNxP8vaD7X
1,1y,10,W7g2eVwEXr
1,1z,10,BVxRPOj2MX
1,1A,10,YBD0rqJKaR
1,1B,10,GOXnwgngem
1,1C,10,q3wb6KnrOv
1,1D,10,va9RzZRZlq
1,1E,10,4JAml5envZ
1,1F,10,0VgJ9r48Oe
1,1G,10,8QBEypjMKe
1,1H,10,Z5rpXeVm8x
1,1I,10,8mPZ14ylDJ
1,1J,10,E3o0KO0lMv
1,1K,10,B4EQlxQagM
1,1L,10,4RZweovApy
1,1M,10,z3Djr8e6gR
1,1N,10,WLZ4nN4X3O
1,1O,10,ym6EDBlMGk
1,1P,10,gRPmnY7NOZ
1,1Q,10,5qmYpwb804
1,1R,10,K8QBXpBvZO
1,1S,10,mezQkWQgKL
1,1T,10,W2DzLNq40j
1,1U,10,rEPbn2bzv9
1,1V,10,5yPE470VQ2
1,1W,10,W8Vo4vpYX3
1,1X,10,R2Dr2amqol
1,1Y,10,aRp0bXevmG
1,1Z,10,aXP2Ww2ZLK
1,10,10,wYoVDdV8Dv
1,11,10,NDkpw2jZ3E
1,12,10,MqQ6YW0YAO
1,13,10,Nz7bwXQL3d
1,14,10,Qewa1eaLpX
1,15,10,DqgQm7OLd2
1,16,10,5bZPqaPgDr
1,17,10,PkQK1069LE
1,18,10,QbVAzjAE5R
1,19,10,Lk7ylkb5Oj
1,2a,10,jlmeApn94b
1,2b,10,m93lAxaPDk
1,2c,10,1ynwMVzmYG
1,2d,10,09WL87danP
1,2e,10,x2zlEzv7wo
1,2f,10,0DLmda3v4z
1,2g,10,zaM4ljn0V8
1,2h,10,QKV0gpakYN
1,2i,10,mwzAD0A0O3
1,2j,10,NKbdon0XwO
1,2k,10,BeRm4xm1nJ
1,2l,10,vkr5wAxm9z
1,2m,10,lAjon5zx4Q
1,2n,10,0wZBaEB4KP
1,2o,10,P5WrLbKnRy
1,2p,10,b5lgJK0nxN
1,2q,10,MGVg4zr1L7
1,2r,10,4QOrKwrnk1
1,2s,10,NgaQz5eM6n
1,2t,10,m0dQv4aRNW
1,2u,10,8Az3WO3n0g
1,2v,10,L6DmW8qdPK
1,2w,10,Y6bA9zj38o
1,2x,10,JKegMLpLOq
1,2y,10,1mNln5eMV8
1,2z,10,O1zl6ao0yB
1,2A,10,ZW1oQglBk2
1,2B,10,l8LdwGdBkq
1,2C,10,0q8wKgwD6R
1,2D,10,r1N80D8P5g
1,2E,10,aZ1Bq29oNe
1,2F,10,1974aBz50Z
1,2G,10,Ep6roOrGb7
1,2H,10,p8Pzd7v4bZ
1,2I,10,lDqRKDOn0X
1,2J,10,2VpoQVdYD6
1,2K,10,7ZxRmeRoP2
1,2L,10,Ajzgn7vr0X
1,2M,10,BW6N46jZ0P
1,2N,10,EWpKn7dloR
1,2O,10,mVN1mNo75Z
1,2P,10,Abz9ay9gqN
1,2Q,10,EMAXyvlaQZ
1,2R,10,DgzEKYrplk
1,2S,10,5wqoqwAjOm
1,2T,10,QBo3v7yPz2
1,2U,10,OJ67DbnBvR
1,2V,10,PkQg31vB5N
1,2W,10,5E3xOgxqLe
1,2X,10,YQp0eY0B1q
1,2Y,10,9bNG10Pkx7
1,2Z,10,0QaqK9DKGP
1,20,10,m3lvwOvzKb
1,21,10,vbD1wJlKR7
1,22,10,ArnNLXNqB2
1,23,10,wO0Ql9v7GK
1,24,10,E93Pd4Pd1r
1,25,10,gplYNXPyLG
1,26,10,vknYgraDEb
1,27,10,Ern9ElJZAW
1,28,10,J5DdV2dpYV
1,29,10,L0Me40eg6G
1,3a,10,2JebzNbVEX
1,3b,10,7oY9Jz90qv
1,3c,10,NvQlK7lxXB
1,3d,10,QlkDe8Zmoq
1,3e,10,4QVbgE6XYE
1,3f,10,KAlGKe04Qj
1,3g,10,wQAlyOXkmM
1,3h,10,09xE2bEkML
1,3i,10,0nybOWbwa3
1,3j,10,bGro1EoAxd
1,3k,10,GyB6rAp37A
1,3l,10,PaOd0NG75q
1,3m,10,Ra19QwyvDB
1,3n,10,aQDNDWlgk8
1,3o,10,0mzbkWbAqJ
1,3p,10,4rbAKRDW9X
1,3q,10,maxnwDe8R1
1,3r,10,a3VrZMpmj0
1,3s,10,d5zG2OjbY6
1,3t,10,rq0lLjBeAD
1,3u,10,Nl2jnx1WR7
1,3v,10,wkVgrZgz54
1,3w,10,qdPGlRpEvz
1,3x,10,V2vJ9RPGpn
1,3y,10,3VPbnxjeaN
1,3z,10,alBAWbdMXJ
1,3A,10,kAZpK16Y9r
1,3B,10,gpqQYqQ7ZR
1,3C,10,X7VewgeMOw
1,3D,10,eExl8Y7pwA
1,3E,10,yqj61jX9oR
1,3F,10,NR7ZVlke4X
1,3G,10,jq4lw9rRPw
1,3H,10,51V79q7kLe
1,3I,10,YmnKQ8gkDV
1,3J,10,aNnz15zJVo
1,3K,10,70jvn3bxeo
1,3L,10,EXm0npkgRr
1,3M,10,xQNAp21G3a
1,3N,10,OD1WrL40k3
1,3O,10,vDeAGQW86a
1,3P,10,0NKgLYp54W
1,3Q,10,Ddmwr2wOv3
1,3R,10,QedvpjzDA5
1,3S,10,MqdnrXl0gA
1,3T,10,VQ20GYkevN
1,3U,10,pn83eGZX91
1,3V,10,nJv1gndpW5
1,3W,10,zaZe18dLWD
1,3X,10,ZkRKDR8x21
1,3Y,10,wOKlZaQgL7
1,3Z,10,7q6kOL9YxX
1,30,10,R43XElGQON
1,31,10,vqZnLGQW1G
1,32,10,KoANxeQlW0
1,33,10,zA9bGxpo3R
1,34,10,nj80JEWmbR
1,35,10,gkmQbxeqBO
1,36,10,xkanNm5mZV
1,37,10,BNvwlnGA37
1,38,10,pxX1MlZWAM
1,39,10,AKLnqv60NO
1,4a,10,vZM1PL15or
1,4b,10,3YZjK1bdzy
1,4c,10,0m7jZJjLOW
1,4d,10,GA9alyerNb
1,4e,10,ORY067xKbe
1,4f,10,vr1mEAmKqn
1,4g,10,j0gRxwkmzX
1,4h,10,yp4dvRdQZ9
1,4i,10,JNAjm5j8VK
1,4j,10,39jRv0qomg
1,4k,10,LNxRrDwyAv
1,4l,10,j3wdgrzlZb
1,4m,10,6RDGKkGYVv
1,4n,10,8pRmERd9nl
1,4o,10,agPeP51NRm
1,4p,10,9VXgVBgyQ8
1,4q,10,da2zBLWYKp
1,4r,10,e7agLWdK9J
1,4s,10,ED1KWXN5Rw
1,4t,10,JBGm6Qp5zD
1,4u,10,lgPz4Km8rw
1,4v,10,dZ3km1krEP
1,4w,10,l37LD8LGVQ
1,4x,10,x2WEL6agwM
1,4y,10,8Dr2RB2aAR
1,4z,10,8nagkL2o5D
1,4A,10,mq1Bl6Ko28
1,4B,10,w4KjGJMBgJ
1,4C,10,Rgk8AXPwvr
1,4D,10,eqwkgql2jM
1,4E,10,eY79J0RNLM
1,4F,10,qQ3dK9JnZp
1,4G,10,xQ1rB1bM0o
1,4H,10,zBVW0VarG3
1,4I,10,nPod7MejzX
1,4J,10,73EbaEb0JG
1,4K,10,KaVl13QydM
1,4L,10,NRLadjpAnl
1,4M,10,wJ5Qpe1WO0
1,4N,10,qY7Ggd6XRj
1,4O,10,wGjkxGR4pE
1,4P,10,7xJgQqg4B8
1,4Q,10,V1azYvrMEW
1,4R,10,berLq4ajvl
1,4S,10,ynkRwxmY4x
1,4T,10,4kW9PWNKx6
1,4U,10,9za0waRrPb
1,4V,10,rmLjZnj9y3
1,4W,10,9XzRwgR31n
1,4X,10,2ODeQnlPok
1,4Y,10,wjx9qomELb
1,4Z,10,2pKNLZWbgm
1,40,10,jDxLEzaX9v
1,41,10,YKl8ae82vB
1,42,10,wdVzKwzyo9
1,43,10,gpj4dVm8vL
1,44,10,25GQ1vgdDr
1,45,10,rlom2OG4zZ
1,46,10,BajdWYk240
1,47,10,Rmze5JLDnv
1,48,10,ZGLap9gWJm
1,49,10,BLVyPn9EWb
1,5a,10,J5QnpVlRdK
1,5b,10,PD2QJqvV4B
1,5c,10,7vgdlPdrzp
1,5d,10,2vzDwkD7dl
1,5e,10,W0OGna4l5w
1,5f,10,b6Wd0LdXl1
1,5g,10,RbagyYgo2L
1,5h,10,orqQ5r8mwY
1,5i,10,3zvKvpj8bo
1,5j,10,gNqA7WAPdJ
1,5k,10,N3pybleoDm
1,5l,10,WpvR7ex0Qb
1,5m,10,lOrny1n7Kz
1,5n,10,m7Qxpr6eA8
1,5o,10,jd9ZKPvK4Y
1,5p,10,mZ6WnbWGMe
1,5q,10,Q3l9V69xEm
1,5r,10,xzojMXR87N
1,5s,10,WO5eo3eamP
1,5t,10,nK5JyDE21l
1,5u,10,QBljKMepxr
1,5v,10,GXLBkr41z7
1,5w,10,gld4egDenQ
1,5x,10,MEJAWnyKle
1,5y,10,AExeKXp3mQ
1,5z,10,56rPRrPwj4
1,5A,10,QdobGde1Ng
1,5B,10,oaVAn89NqK
1,5C,10,0QaGnDkry7
1,5D,10,y5VWJ3olmY
1,5E,10,O27aZx4306
1,5F,10,wE6Wxj0eKd
1,5G,10,PY74D3bkoL
1,5H,10,2AZ1bd6BMm
1,5I,10,8qXekJpQzl
1,5J,10,53Lg3OgRYA
1,5K,10,nzajr8ElLe
1,5L,10,L7YgKBw3OK
1,5M,10,MbWAb0eRvr
1,5N,10,gdnp63BqWV
1,5O,10,RvGneGjBoZ
1,5P,10,VXG9YOlEZn
1,5Q,10,jMlbO3bowJ
1,5R,10,z9vMwEaQmL
1,5S,10,MmRepJlDX1
1,5T,10,9KMAwqZjON
1,5U,10,Wj7lwPpJ6G
1,5V,10,pZmLWmyRO1
1,5W,10,a6bdlxdMGw
1,5X,10,Xbpxk536Vv
1,5Y,10,2xkA6VAv7B
1,5Z,10,JvmL2rL07w
1,50,10,9jV8veRZPK
1,51,10,r6VjK5a0em
1,52,10,W3wkEakGoN
1,53,10,91qkvrkg5M
1,54,10,RJ0a5DrMEn
1,55,10,LN8pwWpk5D
1,56,10,qxXWGra31l
1,57,10,zgNkp8kjqV
1,58,10,nVE1Oq3Rmk
1,59,10,ZvGnbznQEL
1,6a,10,ka3x3kx4Gv
1,6b,10,YD3dNLo62y
1,6c,10,lZgeLBAqJ6
1,6d,10,WeKR9QR0D2
1,6e,10,G3qZ7Lg4Wl
1,6f,10,D5PyzpWxVX
1,6g,10,aqlkPYe0op
1,6h,10,GLQwQO6PzO
1,6i,10,vRyAWvGX9z
1,6j,10,873PmAPp4Y
1,6k,10,5XZjZQEONB
1,6l,10,bMYmNqg8OG
1,6m,10,Y41BW4Vg7e
1,6n,10,R98jnLmAB5
1,6o,10,JLA0pq3Bar
1,6p,10,Y41kBNkr0p
1,6q,10,AM4Dy2O8yE
1,6r,10,nl2XJOdrKB
1,6s,10,MAvE9w14y6
1,6t,10,D4mdBJdpXl
1,6u,10,AdNxQAxq6y
1,6v,10,xaRLV5gDA7
1,6w,10,A5exb49l1b
1,6x,10,K6PZdEoGl5
1,6y,10,dGN1xP1xkn
1,6z,10,lkXxgLaEN1
1,6A,10,ZoajnKmWyq
1,6B,10,LB6kmykw5W
1,6C,10,DAj6Kk67Yn
1,6D,10,PqGkoYgbKn
1,6E,10,RlwGJK7AQ2
1,6F,10,EJRadvWvme
1,6G,10,PoR6Joj0A1
1,6H,10,68zdgOdYxn
1,6I,10,PWEGNjGzyV
1,6J,10,vnRgoROk6p
1,6K,10,XA8g3LnYxM
1,6L,10,JlEoe7Rqw3
1,6M,10,4WJoXW7y9Q
1,6N,10,ZJPmx3dKMg
1,6O,10,Np3Z4lZbov
1,6P,10,2Vmj2Pa5oA
1,6Q,10,5dwj41rbVW
1,6R,10,V1BQqOrL9Y
1,6S,10,NYmbmko3V4
1,6T,10,LWpg1oBy3z
1,6U,10,35JXNdoMwv
1,6V,10,JxMgkPalOn
1,6W,10,Dm96xd65YE
1,6X,10,nxrALdABaJ
1,6Y,10,JbG3X1jOoN
1,6Z,10,6zqgdJRle7
1,60,10,Q9DdW94MR1
1,61,10,Y5N39nOQ4D
1,62,10,OXLz6JzY4w
1,63,10,OvjEqyE6Nr
1,64,10,9gxkBG5BDy
1,65,10,B6qLB3xDpG
1,66,10,xAP8ya8a0V
1,67,10,vN7WEwOPAa
1,68,10,M4Dok1gNY9
1,69,10,ERAd7ym4Xb
1,7a,10,7Kz4yVnjQ1
1,7b,10,beK80KRa9V
1,7c,10,y7MboewrVQ
1,7d,10,Akl0AM0aEW
1,7e,10,ApQM6xlkRE
1,7f,10,R35JGB1zr2
1,7g,10,A4wve5vNBG
1,7h,10,rJ5ROkR620
1,7i,10,JwZeyvj49V
1,7j,10,rEz2ypWqAJ
1,7k,10,9PnjnBjgrO
1,7l,10,kzyvMwB3xD
1,7m,10,Gd0ZX2b7a5
1,7n,10,V7XLZA532P
1,7o,10,vzMGboj7L9
1,7p,10,B8WNRZNAwm
1,7q,10,vZ4Ae21gR6
1,7r,10,zKLZyMZJ8x
1,7s,10,GvNqa7lYE0
1,7t,10,rDAgLMoW25
1,7u,10,R4wlKwlpGe
1,7v,10,lrgwzNwNMa
1,7w,10,G8XbgDem3a
1,7x,10,xWA3Rn3y8V
1,7y,10,BwYewZjzDJ
1,7z,10,pNbv57A75Y
1,7A,10,BY6Oo1GV3j
1,7B,10,mKGd456LJp
1,7C,10,o1yeG1qDMX
1,7D,10,LG0dBXK4ye
1,7E,10,5J2lryArVQ
1,7F,10,QJEmG0P3vB
1,7G,10,mkenbXrJ9V
1,7H,10,8wVEdDE9j1
1,7I,10,WeD6yKO27N
1,7J,10,lv4z7rmyZM
1,7K,10,r8VdDrnLRj
1,7L,10,pVDRvrRZmA
1,7M,10,Kd4rG2gwXD
1,7N,10,kbZ4LZQJ5Y
1,7O,10,lbKMlJrYeg
1,7P,10,EnN0KNVlej
1,7Q,10,By35bkjR0X
1,7R,10,3Vn5o0q7w9
1,7S,10,L2YbK6dQVW
1,7T,10,jL4mK2Erda
1,7U,10,BEWnyo6edx
1,7V,10,2W61WrdrKl
1,7W,10,kezjXm6nZg
1,7X,10,x2a327gYZ1
1,7Y,10,ZKaMwBjp5W
1,7Z,10,pBrYv6YM4A
1,70,10,zp5P7e108q
1,71,10,aQwewvGDqP
1,72,10,N5bv2QOrzK
1,73,10,Ovkorjo0mW
1,74,10,xwzO9KgrQY
1,75,10,dNOg6zgLPV
1,76,10,E35joYmQaY
1,77,10,dgxwDLwBv2
1,78,10,y95dbe7bwY
1,79,10,1KQpmwb8B7
1,8a,10,MNbGK0Ze2m
1,8b,10,DNBgWpO7ze
1,8c,10,njPlQDZ5LK
1,8d,10,YWMLQyLbe1
1,8e,10,Loz3lWxyRn
1,8f,10,L0eXnmWDka
1,8g,10,VJ4OnGDgkv
1,8h,10,xPagq8yj41
1,8i,10,9b0rW537lA
1,8j,10,vjGa0Nb69J
1,8k,10,DwRV63xO0d
1,8l,10,Lx9anodO07
1,8m,10,BboLZXge3k
1,8n,10,NjQAkz2ZLD
1,8o,10,LVdDRrDpa4
1,8p,10,eqQkDZAPVp
1,8q,10,EW3oE5oyn1
1,8r,10,2PWpd25Z6o
1,8s,10,qjzbvyN5xm
1,8t,10,j56EKwElMP
1,8u,10,Yx4qR5DXEP
1,8v,10,J79gmYgD2V
1,8w,10,ZvAp7WpjRP
1,8x,10,ynKgyAgLek
1,8y,10,v20qLo6JNk
1,8z,10,r6xAaJWyNe
1,8A,10,81mrZzreZz
1,8B,10,zE0vGQkBZ9
1,8C,10,G6p91NnJvY
1,8D,10,Dx8yP8yjOe
1,8E,10,L5gyR9x6pW
1,8F,10,JELne8mOze
1,8G,10,EOVyxbNnaw
1,8H,10,OEKpV7dwZ5
1,8I,10,0jLdwLn4gp
1,8J,10,4zWLBAbdOr
1,8K,10,j1wROrEMV4
1,8L,10,zylNWgNOL9
1,8M,10,9xkNrnNaMK
1,8N,10,zD5omDgBnb
1,8O,10,qkvx0ZpBAw
1,8P,10,YD7l5Gqm4z
1,8Q,10,3EL4OV0kPQ
1,8R,10,mr4gq4yYV8
1,8S,10,wl7KvpNyQg
1,8T,10,BVqgy3mXeE
1,8U,10,wmRnZbnWBr
1,8V,10,mzGVrdaNLj
1,8W,10,l1xOwBq0QJ
1,8X,10,3YwlmbZPq8
1,8Y,10,8aJQAKmdLR
1,8Z,10,5y9d3va1Np
1,80,10,ay0n2kdMRe
1,81,10,gBG2xk5dr8
1,82,10,JajbMAbGX9
1,83,10,aRzW4lWwAr
1,84,10,pPRkXDkXm6
1,85,10,G9RZWv7PyO
1,86,10,m3pDmPgLJ9
1,87,10,N8lkE0aDbG
1,88,10,LNgZglEraV
1,89,10,Prx2QY2qKX
1,9a,10,JNG1e3jnqB
1,9b,10,rVOxLlxPWj
1,9c,10,DKlWpVy4Ez
1,9d,10,Kd8Vz4lYyw
1,9e,10,LyBbGgbWaG
1,9f,10,2JKpOmjb8V
1,9g,10,odmbnwlKVB
1,9h,10,qGeN6qW7EB
1,9i,10,KdkeApn9EV
1,9j,10,B6JRkmzvoP
1,9k,10,a6xjXWbvQw
1,9l,10,0GkQWn28W7
1,9m,10,Z9OyGEj8XQ
1,9n,10,aJ9YDWvgQO
1,9o,10,OK4jl4jq0x
1,9p,10,ZVdL53Qr9A
1,9q,10,gOWroqp9GM
1,9r,10,pq15MNrvlZ
1,9s,10,6N4M4yZV35
1,9t,10,mx60wZD2OA
1,9u,10,60GmlVn7AZ
1,9v,10,opE4oYKLB8
1,9w,10,yBklGbnM98
1,9x,10,xa9qR3LbY6
1,9y,10,8DEnpjb9xv
1,9z,10,weqQrakN9o
1,9A,10,GYAobDeNrk
1,9B,10,VeMavVaAzd
1,9C,10,GX3PpqAmdx
1,9D,10,dzgm7KmVnD
1,9E,10,9M4m0Zjgx3
1,9F,10,zJj10rO78X
1,9G,10,RpAjr1o47G
1,9H,10,9qX0wQvYwg
1,9I,10,rBEnrDyNKW
1,9J,10,ZBkx3vqDK2
1,9K,10,mWzVbKrDqj
1,9L,10,Y1wq9bGQaD
1,9M,10,emYVednyKb
1,9N,10,P261zmyr0X
1,9O,10,w8KbzdnRVO
1,9P,10,RmW4xVZPBn
1,9Q,10,BklAyjZ1NE
1,9R,10,6rZqKWqO47
1,9S,10,WYormv6eO0
1,9T,10,ngYrDakypM
1,9U,10,vZ1ew6j6pV
1,9V,10,5w4xy8mWgq
1,9W,10,O0bn2oyz1x
1,9X,10,G1lzLwmZ9P
1,9Y,10,8RrwYnK0VW
1,9Z,10,bxoeqgGpaO
1,90,10,DlGv6GYa4m
1,91,10,1aoMawekP7
1,92,10,OxGyN9LRKm
1,93,10,ZgEGZvGQqk
1,94,10,BE6We1WRrl
1,95,10,qZoelNjNxM
1,96,10,PpmkG5Wa7B
1,97,10,7z3My3rV6b
1,98,10,xr4oxDonRO
1,99,10,qjebOjl6wO
